,GAME,GAME_ID,TEAM_ID,TEAM_NAME,TEAM_ABBREVIATION,TEAM_CITY,MIN,FGM,FGA,FG_PCT,FG3M,FG3A,FG3_PCT,FTM,FTA,FT_PCT,OREB,DREB,REB,AST,STL,BLK,TO,PF,PTS,PLUS_MINUS,TEAM_NAME_advanced,E_OFF_RATING,OFF_RATING,E_DEF_RATING,DEF_RATING,E_NET_RATING,NET_RATING,AST_PCT,AST_TOV,AST_RATIO,OREB_PCT,DREB_PCT,REB_PCT,E_TM_TOV_PCT,TM_TOV_PCT,EFG_PCT,TS_PCT,USG_PCT,E_USG_PCT,E_PACE,PACE,PIE,TEAM_NAME_scoring,PCT_FGA_2PT,PCT_FGA_3PT,PCT_PTS_2PT,PCT_PTS_2PT_MR,PCT_PTS_3PT,PCT_PTS_FB,PCT_PTS_FT,PCT_PTS_OFF_TOV,PCT_PTS_PAINT,PCT_AST_2PM,PCT_UAST_2PM,PCT_AST_3PM,PCT_UAST_3PM,PCT_AST_FGM,PCT_UAST_FGM,TEAM_NAME_misc,PTS_OFF_TOV,PTS_2ND_CHANCE,PTS_FB,PTS_PAINT,OPP_PTS_OFF_TOV,OPP_PTS_2ND_CHANCE,OPP_PTS_FB,OPP_PTS_PAINT,BLK_misc,BLKA,PF_misc,PFD,TEAM_NAME_usage,USG_PCT_usage,PCT_FGM,PCT_FGA,PCT_FG3M,PCT_FG3A,PCT_FTM,PCT_FTA,PCT_OREB,PCT_DREB,PCT_REB,PCT_AST,PCT_TOV,PCT_STL,PCT_BLK,PCT_BLKA,PCT_PF,PCT_PFD,PCT_PTS,TEAM_NAME_fourfactors,EFG_PCT_fourfactors,FTA_RATE,TM_TOV_PCT_fourfactors,OREB_PCT_fourfactors,OPP_EFG_PCT,OPP_FTA_RATE,OPP_TOV_PCT,OPP_OREB_PCT,TEAM_NAME_playertrack,DIST,ORBC,DRBC,RBC,TCHS,SAST,FTAST,PASS,AST_playertrack,CFGM,CFGA,CFG_PCT,UFGM,UFGA,UFG_PCT,FG_PCT_playertrack,DFGM,DFGA,DFG_PCT,TEAM_NAME_hustle,CONTESTED_SHOTS,CONTESTED_SHOTS_2PT,CONTESTED_SHOTS_3PT,DEFLECTIONS,LOOSE_BALLS_RECOVERED,CHARGES_DRAWN,SCREEN_ASSISTS,BOX_OUTS,PTS_hustle,GAME_DATE,GAME_PLACE
0,PHI @ BOS 2018-10-16,0021800001,1610612755,76ers,PHI,Philadelphia,240:00,34,87,0.391,5,26,0.192,14,23,0.609,6,41,47,18,8,5,16,20,87,-18.0,76ers,81.2,82.1,98.9,100.0,-17.7,-17.9,0.529,1.13,13.7,0.175,0.75,0.46,14.937,15.1,0.42,0.448,1.0,0.2,106.64,105.5,0.405,76ers,0.701,0.299,0.667,0.092,0.172,0.184,0.161,0.126,0.575,0.448,0.552,1.0,0.0,0.529,0.471,76ers,11.0,5.0,16.0,50.0,14.0,14.0,6.0,34.0,5,5,20,20,76ers,1,1,1,1,1,1,1,1,1,1,1,1,1,1,1,1,1,1,76ers,0.42,0.264,0.149,0.105,0.49,0.144,0.141,0.25,76ers,18.19,24,74,98,446,1,1,322,18,16,31,0.516,18,56,0.321,0.391,12,22,0.545,76ers,55,31,24,2,1,0,9,24,87,2018-10-16,TD Garden
1,PHI @ BOS 2018-10-16,0021800001,1610612738,Celtics,BOS,Boston,240:00,42,97,0.433,11,37,0.297,10,14,0.714,12,43,55,21,7,5,14,20,105,18.0,Celtics,98.9,100.0,81.2,82.1,17.7,17.9,0.5,1.4,15.1,0.25,0.825,0.54,14.13,14.3,0.49,0.509,1.0,0.198,106.64,105.5,0.595,Celtics,0.619,0.381,0.59,0.267,0.314,0.057,0.095,0.133,0.324,0.355,0.645,0.909,0.091,0.5,0.5,Celtics,14.0,14.0,6.0,34.0,11.0,5.0,16.0,50.0,5,5,20,20,Celtics,1,1,1,1,1,1,1,1,1,1,1,1,1,1,1,1,1,1,Celtics,0.49,0.144,0.141,0.214,0.42,0.264,0.149,0.175,Celtics,18.09,28,79,103,438,5,1,310,21,7,23,0.304,35,74,0.473,0.433,17,27,0.63,Celtics,49,33,16,0,0,1,8,31,105,2018-10-16,TD Garden
2,OKC @ GSW 2018-10-16,0021800002,1610612760,Thunder,OKC,Oklahoma City,240:00,33,91,0.363,10,37,0.27,24,37,0.649,16,29,45,21,12,6,14,21,100,-8.0,Thunder,94.1,96.2,101.0,104.9,-6.9,-8.7,0.636,1.4,14.7,0.348,0.585,0.454,14.114,14.4,0.418,0.466,1.0,0.2,106.6,103.5,0.418,Thunder,0.593,0.407,0.46,0.12,0.3,0.1,0.24,0.21,0.34,0.478,0.522,1.0,0.0,0.636,0.364,Thunder,21.0,19.0,10.0,34.0,16.0,20.0,13.0,58.0,6,7,21,29,Thunder,1,1,1,1,1,1,1,1,1,1,1,1,1,1,1,1,1,1,Thunder,0.418,0.407,0.141,0.242,0.479,0.189,0.196,0.415,Thunder,16.12,29,40,69,337,0,1,208,21,14,40,0.35,15,44,0.341,0.363,12,24,0.5,Thunder,68,49,19,0,0,0,11,41,100,2018-10-16,ORACLE Arena
3,OKC @ GSW 2018-10-16,0021800002,1610612744,Warriors,GSW,Golden State,240:00,42,95,0.442,7,26,0.269,17,18,0.944,17,41,58,28,7,7,21,29,108,8.0,Warriors,101.0,104.9,94.1,96.2,6.9,8.7,0.667,1.33,18.4,0.415,0.652,0.546,19.641,20.4,0.479,0.525,1.0,0.199,106.6,103.5,0.582,Warriors,0.726,0.274,0.648,0.111,0.194,0.12,0.157,0.148,0.537,0.629,0.371,0.857,0.143,0.667,0.333,Warriors,16.0,20.0,13.0,58.0,21.0,19.0,10.0,34.0,7,6,29,21,Warriors,1,1,1,1,1,1,1,1,1,1,1,1,1,1,1,1,1,1,Warriors,0.479,0.189,0.196,0.321,0.418,0.407,0.141,0.348,Warriors,15.91,25,44,67,392,1,0,271,28,13,39,0.333,19,44,0.432,0.442,11,22,0.5,Warriors,68,43,25,0,2,0,12,61,108,2018-10-16,ORACLE Arena
4,MIL @ CHA 2018-10-17,0021800003,1610612749,Bucks,MIL,Milwaukee,240:00,42,85,0.494,14,34,0.412,15,20,0.75,11,46,57,26,5,4,21,25,113,1.0,Bucks,108.9,108.7,108.0,107.7,0.8,1.0,0.619,1.24,18.5,0.304,0.807,0.583,20.231,20.2,0.576,0.602,1.0,0.2,103.74,104.0,0.527,Bucks,0.6,0.4,0.496,0.0,0.372,0.106,0.133,0.168,0.496,0.536,0.464,0.786,0.214,0.619,0.381,Bucks,19.0,13.0,12.0,56.0,22.0,7.0,11.0,46.0,4,9,25,19,Bucks,1,1,1,1,1,1,1,1,1,1,1,1,1,1,1,1,1,1,Bucks,0.576,0.235,0.202,0.239,0.533,0.239,0.106,0.193,Bucks,18.15,29,77,100,385,2,1,258,26,21,37,0.568,21,48,0.438,0.494,13,21,0.619,Bucks,67,39,28,13,5,1,4,44,113,2018-10-17,Spectrum Center
5,MIL @ CHA 2018-10-17,0021800003,1610612766,Hornets,CHA,Charlotte,240:00,41,92,0.446,16,38,0.421,14,22,0.636,9,32,41,21,8,9,11,19,112,-1.0,Hornets,108.0,107.7,108.9,108.7,-0.8,-1.0,0.512,1.91,15.7,0.193,0.696,0.417,10.61,10.6,0.533,0.551,1.0,0.199,103.74,104.0,0.473,Hornets,0.587,0.413,0.446,0.036,0.429,0.098,0.125,0.196,0.411,0.4,0.6,0.688,0.313,0.512,0.488,Hornets,22.0,7.0,11.0,46.0,19.0,13.0,12.0,56.0,9,4,19,25,Hornets,1,1,1,1,1,1,1,1,1,1,1,1,1,1,1,1,1,1,Hornets,0.533,0.239,0.106,0.158,0.576,0.235,0.202,0.304,Hornets,18.76,22,61,80,433,2,0,308,21,20,40,0.5,21,52,0.404,0.446,16,25,0.64,Hornets,69,38,31,5,9,2,13,35,112,2018-10-17,Spectrum Center
6,BKN @ DET 2018-10-17,0021800004,1610612765,Pistons,DET,Detroit,240:00,39,92,0.424,6,24,0.25,19,22,0.864,14,32,46,21,5,5,14,20,103,3.0,Pistons,98.4,103.0,94.6,99.0,3.8,4.0,0.538,1.24,15.0,0.345,0.739,0.525,16.24,17.0,0.457,0.506,1.0,0.192,105.18,100.5,0.477,Pistons,0.739,0.261,0.641,0.097,0.175,0.117,0.184,0.252,0.544,0.485,0.515,0.833,0.167,0.538,0.462,Pistons,26.0,21.0,12.0,56.0,14.0,9.0,8.0,66.0,5,5,20,23,Pistons,1,1,1,1,1,1,1,1,1,1,1,1,1,1,1,1,1,1,Pistons,0.457,0.239,0.162,0.255,0.518,0.268,0.18,0.261,Nets,18.47,18,56,73,439,2,2,316,28,23,45,0.511,17,36,0.472,0.488,19,36,0.528,Nets,61,46,15,0,0,0,17,30,100,2018-10-17,Little Caesars Arena
7,BKN @ DET 2018-10-17,0021800004,1610612751,Nets,BKN,Brooklyn,240:00,40,82,0.488,5,27,0.185,15,22,0.682,5,34,39,28,9,5,17,23,100,-3.0,Nets,94.6,99.0,98.4,103.0,-3.8,-4.0,0.7,1.47,20.2,0.261,0.655,0.475,17.979,18.8,0.518,0.545,1.0,0.195,105.18,100.5,0.523,Nets,0.671,0.329,0.7,0.04,0.15,0.08,0.15,0.14,0.66,0.686,0.314,0.8,0.2,0.7,0.3,Nets,14.0,9.0,8.0,66.0,26.0,21.0,12.0,56.0,5,5,23,20,Nets,1,1,1,1,1,1,1,1,1,1,1,1,1,1,1,1,1,1,Nets,0.518,0.268,0.18,0.109,0.457,0.239,0.162,0.345,Pistons,18.57,31,49,76,431,2,1,299,21,19,44,0.432,20,48,0.417,0.424,22,32,0.688,Pistons,48,28,20,1,0,2,13,27,103,2018-10-17,Little Caesars Arena
8,MEM @ IND 2018-10-17,0021800005,1610612763,Grizzlies,MEM,Memphis,240:00,25,84,0.298,10,29,0.345,23,28,0.821,7,21,28,16,11,3,7,18,83,-28.0,Grizzlies,83.6,87.4,116.0,115.6,-32.4,-28.3,0.64,1.6,13.1,0.242,0.564,0.366,10.068,10.5,0.357,0.431,1.0,0.196,97.52,95.5,0.286,Grizzlies,0.655,0.345,0.361,0.169,0.361,0.072,0.277,0.133,0.193,0.4,0.6,1.0,0.0,0.64,0.36,Grizzlies,11.0,11.0,6.0,16.0,16.0,19.0,20.0,60.0,3,7,18,24,Grizzlies,1,1,1,1,1,1,1,1,1,1,1,1,1,1,1,1,1,1,Grizzlies,0.357,0.333,0.101,0.113,0.627,0.157,0.209,0.436,Grizzlies,18.03,33,39,69,526,2,3,410,16,9,35,0.257,16,49,0.327,0.298,25,32,0.781,Grizzlies,57,35,22,5,1,0,3,32,83,2018-10-17,Bankers Life Fieldhouse
9,MEM @ IND 2018-10-17,0021800005,1610612754,Pacers,IND,Indiana,240:00,47,83,0.566,10,26,0.385,7,13,0.538,13,44,57,29,2,7,20,24,111,28.0,Pacers,116.0,115.6,83.6,87.4,32.4,28.3,0.617,1.45,21.1,0.436,0.758,0.634,20.894,20.8,0.627,0.626,1.0,0.199,97.52,95.5,0.714,Pacers,0.687,0.313,0.667,0.126,0.27,0.18,0.063,0.144,0.541,0.568,0.432,0.8,0.2,0.617,0.383,Pacers,16.0,19.0,20.0,60.0,11.0,11.0,6.0,16.0,7,3,24,18,Pacers,1,1,1,1,1,1,1,1,1,1,1,1,1,1,1,1,1,1,Pacers,0.627,0.157,0.209,0.333,0.357,0.333,0.101,0.242,Pacers,18.31,25,82,104,410,4,0,290,29,24,35,0.686,23,48,0.479,0.566,7,17,0.412,Pacers,58,34,24,1,5,1,11,43,111,2018-10-17,Bankers Life Fieldhouse
10,MIA @ ORL 2018-10-17,0021800006,1610612753,Magic,ORL,Orlando,240:00,39,94,0.415,7,25,0.28,19,31,0.613,14,37,51,20,7,7,12,25,104,3.0,Magic,98.4,101.0,92.1,98.1,6.4,2.9,0.513,1.67,14.3,0.322,0.645,0.488,11.359,11.7,0.452,0.483,1.0,0.199,107.66,103.0,0.56,Magic,0.734,0.266,0.615,0.173,0.202,0.067,0.183,0.24,0.442,0.469,0.531,0.714,0.286,0.513,0.487,Magic,25.0,28.0,7.0,46.0,11.0,13.0,8.0,50.0,7,5,25,28,Magic,1,1,1,1,1,1,1,1,1,1,1,1,1,1,1,1,1,1,Magic,0.452,0.33,0.114,0.237,0.438,0.227,0.155,0.355,Heat,18.35,21,49,69,407,3,0,276,16,22,45,0.489,12,38,0.316,0.392,16,27,0.593,Heat,71,55,16,1,0,1,12,41,101,2018-10-17,Amway Center
11,MIA @ ORL 2018-10-17,0021800006,1610612748,Heat,MIA,Miami,240:00,38,97,0.392,9,33,0.273,16,22,0.727,14,38,52,16,4,5,16,28,101,-3.0,Heat,92.1,98.1,98.4,101.0,-6.4,-2.9,0.421,0.94,11.5,0.355,0.678,0.512,15.5,16.5,0.438,0.473,1.0,0.196,107.66,103.0,0.44,Heat,0.66,0.34,0.574,0.079,0.267,0.079,0.158,0.109,0.495,0.345,0.655,0.667,0.333,0.421,0.579,Heat,11.0,13.0,8.0,50.0,25.0,28.0,7.0,46.0,5,7,28,25,Heat,1,1,1,1,1,1,1,1,1,1,1,1,1,1,1,1,1,1,Heat,0.438,0.227,0.155,0.226,0.452,0.33,0.114,0.322,Magic,18.44,25,44,64,408,6,0,276,20,15,37,0.405,17,47,0.362,0.415,15,24,0.625,Magic,60,40,20,0,0,0,7,48,104,2018-10-17,Amway Center
12,ATL @ NYK 2018-10-17,0021800007,1610612752,Knicks,NYK,New York,240:00,45,99,0.455,12,33,0.364,24,31,0.774,10,36,46,21,12,6,15,23,126,19.0,Knicks,106.2,112.5,93.1,94.7,13.1,17.8,0.467,1.31,14.0,0.31,0.765,0.523,13.486,14.3,0.515,0.559,1.0,0.199,116.78,112.5,0.595,Knicks,0.667,0.333,0.524,0.127,0.286,0.087,0.19,0.23,0.397,0.364,0.636,0.75,0.25,0.467,0.533,Knicks,29.0,20.0,11.0,50.0,14.0,12.0,11.0,60.0,6,3,23,30,Knicks,1,1,1,1,1,1,1,1,1,1,1,1,1,1,1,1,1,1,Knicks,0.515,0.313,0.135,0.172,0.511,0.2,0.209,0.235,Hawks,18.02,21,37,55,395,0,0,258,19,14,30,0.467,21,48,0.438,0.456,20,32,0.625,Hawks,70,46,24,15,5,1,8,37,107,2018-10-17,Madison Square Garden
13,ATL @ NYK 2018-10-17,0021800007,1610612737,Hawks,ATL,Atlanta,240:00,41,90,0.456,10,36,0.278,15,18,0.833,7,38,45,19,7,3,24,30,107,-19.0,Hawks,93.1,94.7,106.2,112.5,-13.1,-17.8,0.463,0.79,13.5,0.235,0.69,0.477,20.884,21.2,0.511,0.546,1.0,0.2,116.78,112.5,0.405,Hawks,0.6,0.4,0.579,0.019,0.28,0.103,0.14,0.131,0.561,0.419,0.581,0.6,0.4,0.463,0.537,Hawks,14.0,12.0,11.0,60.0,29.0,20.0,11.0,50.0,3,6,30,23,Hawks,1,1,1,1,1,1,1,1,1,1,1,1,1,1,1,1,1,1,Hawks,0.511,0.2,0.209,0.137,0.515,0.313,0.135,0.31,Knicks,18.23,25,30,53,400,1,0,261,21,23,41,0.561,20,58,0.345,0.455,16,27,0.593,Knicks,59,33,26,11,11,1,8,28,126,2018-10-17,Madison Square Garden
14,CLE @ TOR 2018-10-17,0021800008,1610612761,Raptors,TOR,Toronto,240:00,45,92,0.489,14,33,0.424,12,20,0.6,8,35,43,21,6,7,9,29,116,12.0,Raptors,112.8,116.0,99.8,104.0,13.0,12.0,0.467,2.1,15.9,0.212,0.638,0.436,9.728,10.0,0.565,0.575,1.0,0.197,103.48,100.0,0.585,Raptors,0.641,0.359,0.534,0.052,0.362,0.19,0.103,0.138,0.483,0.355,0.645,0.714,0.286,0.467,0.533,Raptors,16.0,8.0,22.0,56.0,6.0,17.0,18.0,40.0,7,0,29,25,Raptors,1,1,1,1,1,1,1,1,1,1,1,1,1,1,1,1,1,1,Raptors,0.565,0.217,0.097,0.154,0.441,0.459,0.154,0.362,Cavaliers,18.16,44,57,96,405,2,0,278,17,18,39,0.462,16,46,0.348,0.4,20,30,0.667,Cavaliers,56,29,27,1,0,0,13,29,104,2018-10-17,Scotiabank Arena
15,CLE @ TOR 2018-10-17,0021800008,1610612739,Cavaliers,CLE,Cleveland,240:00,34,85,0.4,7,19,0.368,29,39,0.744,14,35,49,17,4,0,16,25,104,-12.0,Cavaliers,99.8,104.0,112.8,116.0,-13.0,-12.0,0.5,1.06,12.6,0.362,0.788,0.564,15.361,16.0,0.441,0.509,1.0,0.201,103.48,100.0,0.415,Cavaliers,0.776,0.224,0.519,0.135,0.202,0.173,0.279,0.058,0.385,0.37,0.63,1.0,0.0,0.5,0.5,Cavaliers,6.0,17.0,18.0,40.0,16.0,8.0,22.0,56.0,0,7,25,29,Cavaliers,1,1,1,1,1,1,1,1,1,1,1,1,1,1,1,1,1,1,Cavaliers,0.441,0.459,0.154,0.241,0.565,0.217,0.097,0.212,Raptors,18.11,27,65,87,387,4,1,264,21,22,38,0.579,21,51,0.412,0.489,10,19,0.526,Raptors,66,49,17,0,1,1,8,45,116,2018-10-17,Scotiabank Arena
16,NOP @ HOU 2018-10-17,0021800009,1610612740,Pelicans,NOP,New Orleans,240:00,52,98,0.531,10,25,0.4,17,22,0.773,14,40,54,36,8,3,12,25,131,19.0,Pelicans,124.0,124.8,105.1,107.7,18.9,17.1,0.692,3.0,23.1,0.347,0.778,0.573,11.355,11.4,0.582,0.608,1.0,0.199,106.12,104.5,0.616,Pelicans,0.745,0.255,0.641,0.061,0.229,0.145,0.13,0.137,0.58,0.667,0.333,0.8,0.2,0.692,0.308,Pelicans,18.0,16.0,19.0,76.0,13.0,10.0,14.0,44.0,3,7,25,22,Pelicans,1,1,1,1,1,1,1,1,1,1,1,1,1,1,1,1,1,1,Pelicans,0.582,0.224,0.114,0.286,0.511,0.261,0.113,0.222,Pelicans,17.79,35,67,100,429,4,1,293,36,21,38,0.553,31,59,0.525,0.531,16,27,0.593,Pelicans,61,29,32,6,4,0,1,32,131,2018-10-17,Toyota Center
17,NOP @ HOU 2018-10-17,0021800009,1610612745,Rockets,HOU,Houston,240:00,39,92,0.424,16,48,0.333,18,24,0.75,8,29,37,21,8,7,11,22,112,-19.0,Rockets,105.1,107.7,124.0,124.8,-18.9,-17.1,0.538,1.75,15.5,0.222,0.653,0.427,11.261,11.5,0.511,0.546,1.0,0.199,106.12,104.5,0.384,Rockets,0.478,0.522,0.411,0.018,0.429,0.125,0.161,0.116,0.393,0.435,0.565,0.688,0.313,0.538,0.462,Rockets,13.0,10.0,14.0,44.0,18.0,16.0,19.0,76.0,7,3,22,25,Rockets,1,1,1,1,1,1,1,1,1,1,1,1,1,1,1,1,1,1,Rockets,0.511,0.261,0.113,0.148,0.582,0.224,0.114,0.347,Rockets,17.53,20,69,86,393,2,0,265,21,15,32,0.469,24,60,0.4,0.424,28,39,0.718,Rockets,61,40,21,1,6,0,8,19,112,2018-10-17,Toyota Center
18,MIN @ SAS 2018-10-17,0021800010,1610612759,Spurs,SAS,San Antonio,240:00,40,93,0.43,11,25,0.44,21,29,0.724,19,33,52,22,3,4,12,22,112,4.0,Spurs,113.4,114.3,108.1,112.5,5.3,1.8,0.55,1.83,15.7,0.429,0.66,0.541,12.151,12.2,0.489,0.53,1.0,0.2,99.32,97.0,0.507,Spurs,0.731,0.269,0.518,0.232,0.295,0.071,0.188,0.098,0.286,0.414,0.586,0.909,0.091,0.55,0.45,Spurs,11.0,25.0,8.0,32.0,8.0,14.0,16.0,54.0,4,2,22,27,Spurs,1,1,1,1,1,1,1,1,1,1,1,1,1,1,1,1,1,1,Spurs,0.489,0.312,0.122,0.339,0.462,0.297,0.11,0.34,Timberwolves,17.79,36,57,91,372,2,3,244,20,16,38,0.421,23,53,0.434,0.429,13,25,0.52,Timberwolves,79,55,24,13,9,0,6,36,108,2018-10-17,AT&T Center
19,MIN @ SAS 2018-10-17,0021800010,1610612750,Timberwolves,MIN,Minnesota,240:00,39,91,0.429,6,19,0.316,24,27,0.889,14,32,46,20,9,2,11,27,108,-4.0,Timberwolves,108.1,112.5,113.4,114.3,-5.3,-1.8,0.513,1.82,14.9,0.34,0.571,0.459,11.013,11.5,0.462,0.525,1.0,0.2,99.32,97.0,0.493,Timberwolves,0.791,0.209,0.611,0.111,0.167,0.148,0.222,0.074,0.5,0.424,0.576,1.0,0.0,0.513,0.487,Timberwolves,8.0,14.0,16.0,54.0,11.0,25.0,8.0,32.0,2,4,27,22,Timberwolves,1,1,1,1,1,1,1,1,1,1,1,1,1,1,1,1,1,1,Timberwolves,0.462,0.297,0.11,0.264,0.489,0.312,0.122,0.429,Spurs,18.53,32,70,101,455,6,2,323,22,17,34,0.5,23,59,0.39,0.43,15,25,0.6,Spurs,71,53,18,9,5,1,9,26,112,2018-10-17,AT&T Center
20,UTA @ SAC 2018-10-17,0021800011,1610612762,Jazz,UTA,Utah,240:00,41,79,0.519,13,27,0.481,28,38,0.737,5,39,44,21,8,4,17,19,123,6.0,Jazz,114.2,113.9,109.4,108.3,4.8,5.6,0.512,1.24,15.7,0.205,0.857,0.548,15.782,15.7,0.601,0.642,1.0,0.2,107.32,108.0,0.553,Jazz,0.658,0.342,0.455,0.016,0.317,0.114,0.228,0.106,0.439,0.464,0.536,0.615,0.385,0.512,0.488,Jazz,13.0,10.0,14.0,54.0,24.0,7.0,17.0,62.0,4,3,19,27,Jazz,1,1,1,1,1,1,1,1,1,1,1,1,1,1,1,1,1,1,Jazz,0.601,0.481,0.158,0.114,0.553,0.189,0.084,0.143,Jazz,19.0,21,70,88,434,3,2,309,21,15,29,0.517,26,50,0.52,0.519,13,22,0.591,Jazz,70,54,16,13,11,0,8,26,123,2018-10-17,Golden 1 Center
21,UTA @ SAC 2018-10-17,0021800011,1610612758,Kings,SAC,Sacramento,240:00,49,95,0.516,7,19,0.368,12,18,0.667,5,32,37,17,8,3,9,27,117,-6.0,Kings,109.4,108.3,114.2,113.9,-4.8,-5.6,0.347,1.89,13.2,0.143,0.795,0.452,8.418,8.3,0.553,0.568,1.0,0.2,107.32,108.0,0.447,Kings,0.8,0.2,0.718,0.188,0.179,0.145,0.103,0.205,0.53,0.31,0.69,0.571,0.429,0.347,0.653,Kings,24.0,7.0,17.0,62.0,13.0,10.0,14.0,54.0,3,4,27,19,Kings,1,1,1,1,1,1,1,1,1,1,1,1,1,1,1,1,1,1,Kings,0.553,0.189,0.084,0.102,0.601,0.481,0.158,0.205,Kings,19.32,22,52,69,413,1,1,288,17,25,45,0.556,24,50,0.48,0.516,22,30,0.733,Kings,45,26,19,12,8,0,12,33,117,2018-10-17,Golden 1 Center
22,DEN @ LAC 2018-10-17,0021800012,1610612746,Clippers,LAC,LA,240:00,35,88,0.398,8,28,0.286,20,24,0.833,9,38,47,21,3,9,12,32,98,-9.0,Clippers,94.6,92.5,104.4,102.9,-9.8,-10.4,0.6,1.5,15.7,0.2,0.702,0.455,13.519,13.2,0.443,0.497,1.0,0.194,103.02,105.0,0.422,Clippers,0.682,0.318,0.551,0.061,0.245,0.082,0.204,0.092,0.49,0.481,0.519,1.0,0.0,0.6,0.4,Clippers,9.0,14.0,8.0,48.0,11.0,15.0,12.0,42.0,9,9,32,22,Clippers,1,1,1,1,1,1,1,1,1,1,1,1,1,1,1,1,1,1,Clippers,0.443,0.273,0.135,0.164,0.425,0.483,0.107,0.298,Nuggets,18.54,32,63,93,486,3,0,352,20,18,46,0.391,15,41,0.366,0.379,15,31,0.484,Nuggets,75,50,25,0,0,0,9,28,107,2018-10-17,Staples Center
23,DEN @ LAC 2018-10-17,0021800012,1610612743,Nuggets,DEN,Denver,240:00,33,87,0.379,8,24,0.333,33,42,0.786,14,42,56,20,6,9,10,22,107,9.0,Nuggets,104.4,102.9,94.6,92.5,9.8,10.4,0.606,1.82,14.7,0.298,0.8,0.545,10.734,10.6,0.425,0.507,1.0,0.203,103.02,105.0,0.578,Nuggets,0.724,0.276,0.467,0.075,0.224,0.112,0.308,0.103,0.393,0.56,0.44,0.75,0.25,0.606,0.394,Nuggets,11.0,15.0,12.0,42.0,9.0,14.0,8.0,48.0,9,9,22,32,Nuggets,1,1,1,1,1,1,1,1,1,1,1,1,1,1,1,1,1,1,Nuggets,0.425,0.483,0.107,0.246,0.443,0.273,0.135,0.2,Clippers,18.2,28,72,97,434,0,1,303,21,19,46,0.413,16,41,0.39,0.398,17,32,0.531,Clippers,69,55,14,0,0,0,7,24,98,2018-10-17,Staples Center
24,DAL @ PHX 2018-10-17,0021800013,1610612756,Suns,PHX,Phoenix,240:00,44,81,0.543,19,34,0.559,14,16,0.875,6,38,44,35,5,2,11,22,121,21.0,Suns,128.7,127.4,104.4,105.3,24.3,22.1,0.795,2.92,25.9,0.162,0.755,0.511,12.761,12.6,0.66,0.687,1.0,0.196,94.92,95.0,0.592,Suns,0.58,0.42,0.413,0.116,0.471,0.132,0.116,0.116,0.298,0.72,0.28,0.895,0.105,0.795,0.205,Suns,14.0,5.0,16.0,36.0,13.0,13.0,10.0,54.0,2,5,22,16,Suns,1,1,1,1,1,1,1,1,1,1,1,1,1,1,1,1,1,1,Suns,0.66,0.198,0.128,0.162,0.489,0.227,0.094,0.245,Mavericks,17.57,28,43,71,411,4,3,297,28,11,30,0.367,27,58,0.466,0.432,9,15,0.6,Mavericks,62,35,27,0,1,2,7,23,100,2018-10-17,Talking Stick Resort Arena
25,DAL @ PHX 2018-10-17,0021800013,1610612742,Mavericks,DAL,Dallas,240:00,38,88,0.432,10,33,0.303,14,20,0.7,10,28,38,28,7,5,9,16,100,-21.0,Mavericks,104.4,105.3,128.7,127.4,-24.3,-22.1,0.737,3.11,20.9,0.245,0.838,0.489,9.395,9.5,0.489,0.517,1.0,0.2,94.92,95.0,0.408,Mavericks,0.625,0.375,0.56,0.02,0.3,0.1,0.14,0.13,0.54,0.679,0.321,0.9,0.1,0.737,0.263,Mavericks,13.0,13.0,10.0,54.0,14.0,5.0,16.0,36.0,5,2,16,22,Mavericks,1,1,1,1,1,1,1,1,1,1,1,1,1,1,1,1,1,1,Mavericks,0.489,0.227,0.094,0.189,0.66,0.198,0.128,0.162,Suns,17.42,17,63,77,440,2,0,329,35,16,33,0.485,27,47,0.574,0.543,23,37,0.622,Suns,58,30,28,1,0,0,7,34,121,2018-10-17,Talking Stick Resort Arena
26,CHI @ PHI 2018-10-18,0021800014,1610612755,76ers,PHI,Philadelphia,240:00,44,93,0.473,12,36,0.333,27,30,0.9,11,44,55,30,10,8,13,17,127,19.0,76ers,117.4,118.7,95.3,100.9,22.0,17.8,0.682,2.31,20.1,0.275,0.817,0.568,12.015,12.1,0.538,0.598,1.0,0.201,110.74,107.0,0.621,76ers,0.613,0.387,0.504,0.142,0.283,0.157,0.213,0.134,0.362,0.594,0.406,0.917,0.083,0.682,0.318,76ers,17.0,17.0,20.0,46.0,3.0,10.0,3.0,46.0,8,6,17,23,76ers,1,1,1,1,1,1,1,1,1,1,1,1,1,1,1,1,1,1,76ers,0.538,0.323,0.12,0.216,0.49,0.119,0.106,0.183,Bulls,10.22,5,10,14,237,1,0,160,28,5,20,0.25,10,20,0.5,0.436,6,11,0.545,Bulls,47,33,14,2,2,0,7,37,108,2018-10-18,Wells Fargo Center
27,CHI @ PHI 2018-10-18,0021800014,1610612741,Bulls,CHI,Chicago,240:00,44,101,0.436,11,33,0.333,9,12,0.75,5,34,39,28,4,6,12,23,108,-19.0,Bulls,95.3,100.9,117.4,118.7,-22.0,-17.8,0.636,2.33,19.1,0.183,0.725,0.432,10.593,11.2,0.49,0.508,1.0,0.196,110.74,107.0,0.379,Bulls,0.673,0.327,0.611,0.185,0.306,0.028,0.083,0.028,0.426,0.545,0.455,0.909,0.091,0.636,0.364,Bulls,3.0,10.0,3.0,46.0,17.0,17.0,20.0,46.0,6,8,23,17,Bulls,1,1,1,1,1,1,1,1,1,1,1,1,1,1,1,1,1,1,Bulls,0.49,0.119,0.106,0.083,0.538,0.323,0.12,0.275,76ers,9.83,12,14,26,225,1,0,140,30,7,18,0.389,7,28,0.25,0.473,6,10,0.6,76ers,64,41,23,8,1,0,7,16,127,2018-10-18,Wells Fargo Center
28,MIA @ WAS 2018-10-18,0021800015,1610612764,Wizards,WAS,Washington,240:00,38,81,0.469,7,26,0.269,29,39,0.744,7,33,40,19,7,15,14,31,112,-1.0,Wizards,106.5,105.7,103.7,107.6,2.8,-2.0,0.5,1.36,14.5,0.196,0.571,0.413,13.313,13.2,0.512,0.57,1.0,0.2,107.06,105.5,0.52,Wizards,0.679,0.321,0.554,0.089,0.188,0.179,0.259,0.214,0.464,0.452,0.548,0.714,0.286,0.5,0.5,Wizards,24.0,10.0,20.0,52.0,19.0,27.0,14.0,46.0,15,5,31,26,Wizards,1,1,1,1,1,1,1,1,1,1,1,1,1,1,1,1,1,1,Wizards,0.512,0.481,0.133,0.152,0.454,0.351,0.174,0.429,Heat,18.56,49,65,111,478,1,1,330,25,17,50,0.34,21,47,0.447,0.392,21,28,0.75,Heat,58,36,22,12,15,1,4,28,113,2018-10-18,Capital One Arena
29,MIA @ WAS 2018-10-18,0021800015,1610612748,Heat,MIA,Miami,240:00,38,97,0.392,12,35,0.343,25,34,0.735,22,33,55,25,6,5,16,26,113,1.0,Heat,103.7,107.6,106.5,105.7,-2.8,2.0,0.658,1.32,16.0,0.429,0.804,0.587,17.438,18.1,0.454,0.505,1.0,0.194,107.06,105.5,0.48,Heat,0.639,0.361,0.46,0.053,0.319,0.124,0.221,0.168,0.407,0.615,0.385,0.75,0.25,0.658,0.342,Heat,19.0,27.0,14.0,46.0,24.0,10.0,20.0,52.0,5,15,26,31,Heat,1,1,1,1,1,1,1,1,1,1,1,1,1,1,1,1,1,1,Heat,0.454,0.351,0.174,0.349,0.512,0.481,0.133,0.196,Wizards,17.88,19,63,79,381,3,2,264,19,20,36,0.556,18,45,0.4,0.469,19,37,0.514,Wizards,73,43,30,19,14,0,5,41,112,2018-10-18,Capital One Arena
30,LAL @ POR 2018-10-18,0021800016,1610612757,Trail Blazers,POR,Portland,240:00,44,100,0.44,13,37,0.351,27,29,0.931,14,40,54,21,9,10,16,26,128,9.0,Trail Blazers,110.6,113.3,105.5,104.4,5.0,8.9,0.477,1.24,13.9,0.31,0.824,0.55,14.686,15.0,0.505,0.568,1.0,0.199,114.26,113.5,0.519,Trail Blazers,0.63,0.37,0.484,0.047,0.305,0.094,0.211,0.141,0.438,0.29,0.71,0.923,0.077,0.477,0.523,Trail Blazers,18.0,21.0,12.0,56.0,17.0,10.0,34.0,70.0,10,6,26,26,Trail Blazers,1,1,1,1,1,1,1,1,1,1,1,1,1,1,1,1,1,1,Trail Blazers,0.505,0.29,0.147,0.241,0.522,0.312,0.133,0.176,Lakers,18.31,13,40,53,378,1,0,240,23,25,47,0.532,17,44,0.386,0.484,15,29,0.517,Lakers,64,43,21,8,1,1,13,27,119,2018-10-18,Moda Center
31,LAL @ POR 2018-10-18,0021800016,1610612747,Lakers,LAL,Los Angeles,240:00,45,93,0.484,7,30,0.233,22,29,0.759,8,38,46,23,10,6,15,26,119,-9.0,Lakers,105.5,104.4,110.6,113.3,-5.0,-8.9,0.511,1.53,16.0,0.176,0.69,0.45,13.303,13.2,0.522,0.563,1.0,0.2,114.26,113.5,0.481,Lakers,0.677,0.323,0.639,0.05,0.176,0.286,0.185,0.143,0.588,0.474,0.526,0.714,0.286,0.511,0.489,Lakers,17.0,10.0,34.0,70.0,18.0,21.0,12.0,56.0,6,10,26,26,Lakers,1,1,1,1,1,1,1,1,1,1,1,1,1,1,1,1,1,1,Lakers,0.522,0.312,0.133,0.157,0.505,0.29,0.147,0.31,Trail Blazers,18.56,28,45,73,404,4,0,262,21,18,41,0.439,21,56,0.375,0.44,26,34,0.765,Trail Blazers,64,40,24,4,4,0,11,27,128,2018-10-18,Moda Center
32,CHA @ ORL 2018-10-19,0021800017,1610612753,Magic,ORL,Orlando,240:00,36,94,0.383,6,31,0.194,10,14,0.714,12,32,44,18,8,7,15,16,88,-32.0,Magic,82.9,84.6,114.5,114.3,-31.6,-29.7,0.5,1.0,13.2,0.23,0.7,0.441,16.956,17.3,0.415,0.439,1.0,0.193,105.48,104.5,0.324,Magic,0.67,0.33,0.682,0.182,0.205,0.08,0.114,0.17,0.5,0.433,0.567,0.833,0.167,0.5,0.5,Magic,15.0,11.0,7.0,44.0,24.0,19.0,11.0,42.0,7,4,16,17,Magic,1,1,1,1,1,1,1,1,1,1,1,1,1,1,1,1,1,1,Magic,0.415,0.149,0.17,0.197,0.56,0.217,0.153,0.3,Hornets,18.62,29,70,97,421,2,1,294,32,20,42,0.476,23,50,0.46,0.467,13,25,0.52,Hornets,72,49,23,6,2,1,10,45,120,2018-10-19,Amway Center
33,CHA @ ORL 2018-10-19,0021800017,1610612766,Hornets,CHA,Charlotte,240:00,43,92,0.467,17,38,0.447,17,20,0.85,12,43,55,32,6,4,15,17,120,32.0,Hornets,114.5,114.3,82.9,84.6,31.6,29.7,0.744,2.0,21.5,0.3,0.77,0.559,15.267,15.2,0.56,0.595,1.0,0.199,105.48,104.5,0.676,Hornets,0.587,0.413,0.433,0.083,0.425,0.092,0.142,0.2,0.35,0.692,0.308,0.824,0.176,0.744,0.256,Hornets,24.0,19.0,11.0,42.0,15.0,11.0,7.0,44.0,4,7,17,16,Hornets,1,1,1,1,1,1,1,1,1,1,1,1,1,1,1,1,1,1,Hornets,0.56,0.217,0.153,0.24,0.415,0.149,0.17,0.23,Magic,18.75,30,55,84,423,1,1,294,18,16,31,0.516,20,63,0.317,0.383,18,28,0.643,Magic,75,46,29,3,3,1,11,27,88,2018-10-19,Amway Center
34,NYK @ BKN 2018-10-19,0021800018,1610612752,Knicks,NYK,New York,240:00,39,97,0.402,9,28,0.321,18,20,0.9,12,24,36,14,10,1,3,19,105,-2.0,Knicks,108.5,109.4,112.0,112.6,-3.5,-3.3,0.359,4.67,11.4,0.241,0.658,0.406,3.099,3.1,0.448,0.496,1.0,0.197,96.18,95.5,0.444,Knicks,0.711,0.289,0.571,0.19,0.257,0.114,0.171,0.276,0.381,0.3,0.7,0.556,0.444,0.359,0.641,Knicks,29.0,7.0,12.0,40.0,5.0,10.0,7.0,48.0,1,6,19,23,Knicks,1,1,1,1,1,1,1,1,1,1,1,1,1,1,1,1,1,1,Knicks,0.448,0.206,0.031,0.207,0.573,0.32,0.23,0.342,Knicks,18.33,32,46,78,383,1,2,259,14,20,43,0.465,19,54,0.352,0.402,15,20,0.75,Knicks,51,27,24,3,1,1,14,28,105,2018-10-19,Barclays Center
35,NYK @ BKN 2018-10-19,0021800018,1610612751,Nets,BKN,Brooklyn,240:00,37,75,0.493,12,30,0.4,21,24,0.875,12,43,55,22,2,6,22,23,107,2.0,Nets,112.0,112.6,108.5,109.4,3.5,3.3,0.595,1.0,17.0,0.342,0.759,0.594,23.022,23.2,0.573,0.625,1.0,0.199,96.18,95.5,0.556,Nets,0.6,0.4,0.467,0.019,0.336,0.065,0.196,0.047,0.449,0.48,0.52,0.833,0.167,0.595,0.405,Nets,5.0,10.0,7.0,48.0,29.0,7.0,12.0,40.0,6,1,23,19,Nets,1,1,1,1,1,1,1,1,1,1,1,1,1,1,1,1,1,1,Nets,0.573,0.32,0.23,0.316,0.448,0.206,0.031,0.241,Nets,18.11,20,71,91,429,2,3,308,22,18,35,0.514,19,40,0.475,0.493,11,21,0.524,Nets,73,53,20,2,0,0,11,55,107,2018-10-19,Barclays Center
36,BOS @ TOR 2018-10-19,0021800019,1610612761,Raptors,TOR,Toronto,240:00,43,92,0.467,13,35,0.371,14,19,0.737,12,37,49,24,3,3,12,19,113,12.0,Raptors,111.5,113.0,97.7,102.0,13.8,11.0,0.558,1.85,17.5,0.288,0.667,0.491,12.826,13.0,0.538,0.563,1.0,0.198,102.38,99.5,0.574,Raptors,0.62,0.38,0.531,0.124,0.345,0.124,0.124,0.106,0.407,0.467,0.533,0.769,0.231,0.558,0.442,Raptors,12.0,13.0,14.0,46.0,11.0,16.0,18.0,34.0,3,6,19,27,Raptors,1,1,1,1,1,1,1,1,1,1,1,1,1,1,1,1,1,1,Raptors,0.538,0.207,0.128,0.231,0.475,0.101,0.155,0.333,Celtics,17.19,32,58,88,403,8,0,277,29,13,39,0.333,27,60,0.45,0.404,14,21,0.667,Celtics,66,40,26,6,7,0,6,43,101,2018-10-19,Scotiabank Arena
37,BOS @ TOR 2018-10-19,0021800019,1610612738,Celtics,BOS,Boston,240:00,40,99,0.404,14,36,0.389,7,10,0.7,16,33,49,29,4,6,14,27,101,-12.0,Celtics,97.7,102.0,111.5,113.0,-13.8,-11.0,0.725,1.81,19.5,0.333,0.712,0.509,15.474,16.2,0.475,0.488,1.0,0.196,102.38,99.5,0.426,Celtics,0.636,0.364,0.515,0.178,0.416,0.178,0.069,0.109,0.337,0.615,0.385,0.929,0.071,0.725,0.275,Celtics,11.0,16.0,18.0,34.0,12.0,13.0,14.0,46.0,6,3,27,19,Celtics,1,1,1,1,1,1,1,1,1,1,1,1,1,1,1,1,1,1,Celtics,0.475,0.101,0.155,0.267,0.538,0.207,0.128,0.288,Raptors,17.82,32,59,89,387,2,0,259,24,15,35,0.429,28,57,0.491,0.467,9,23,0.391,Raptors,83,53,30,5,5,3,9,46,113,2018-10-19,Scotiabank Arena
38,ATL @ MEM 2018-10-19,0021800020,1610612763,Grizzlies,MEM,Memphis,240:00,44,81,0.543,13,26,0.5,30,43,0.698,7,34,41,32,9,4,16,29,131,14.0,Grizzlies,119.2,122.4,109.5,110.4,9.7,12.1,0.727,1.88,21.5,0.279,0.75,0.527,15.466,15.9,0.623,0.656,1.0,0.197,108.38,106.5,0.582,Grizzlies,0.679,0.321,0.473,0.076,0.298,0.206,0.229,0.176,0.397,0.645,0.355,0.923,0.077,0.727,0.273,Grizzlies,23.0,16.0,27.0,52.0,12.0,16.0,27.0,50.0,4,5,29,31,Grizzlies,1,1,1,1,1,1,1,1,1,1,1,1,1,1,1,1,1,1,Grizzlies,0.623,0.531,0.155,0.163,0.578,0.434,0.178,0.25,Hawks,19.31,30,44,69,459,4,0,326,27,14,34,0.412,27,49,0.551,0.494,17,26,0.654,Hawks,68,47,21,13,11,0,5,34,117,2018-10-19,FedExForum
39,ATL @ MEM 2018-10-19,0021800020,1610612737,Hawks,ATL,Atlanta,240:00,41,83,0.494,14,30,0.467,21,36,0.583,11,29,40,27,9,5,19,31,117,-14.0,Hawks,109.5,110.4,119.2,122.4,-9.7,-12.1,0.659,1.42,18.6,0.25,0.721,0.473,17.784,17.9,0.578,0.592,1.0,0.2,108.38,106.5,0.418,Hawks,0.639,0.361,0.462,0.034,0.359,0.231,0.179,0.103,0.427,0.519,0.481,0.929,0.071,0.659,0.341,Hawks,12.0,16.0,27.0,50.0,23.0,16.0,27.0,52.0,5,4,31,29,Hawks,1,1,1,1,1,1,1,1,1,1,1,1,1,1,1,1,1,1,Hawks,0.578,0.434,0.178,0.229,0.623,0.531,0.155,0.279,Grizzlies,19.24,24,50,67,511,2,3,386,32,21,37,0.568,23,44,0.523,0.543,16,25,0.64,Grizzlies,51,29,22,9,12,3,9,31,131,2018-10-19,FedExForum
40,CLE @ MIN 2018-10-19,0021800021,1610612750,Timberwolves,MIN,Minnesota,240:00,44,87,0.506,10,25,0.4,33,35,0.943,9,31,40,28,9,7,13,21,131,8.0,Timberwolves,122.0,122.4,115.2,115.0,6.8,7.5,0.636,2.0,19.4,0.289,0.686,0.5,13.035,13.1,0.563,0.64,1.0,0.199,107.08,107.0,0.556,Timberwolves,0.713,0.287,0.519,0.092,0.229,0.137,0.252,0.168,0.427,0.559,0.441,0.9,0.1,0.636,0.364,Timberwolves,22.0,13.0,18.0,56.0,19.0,17.0,15.0,58.0,7,2,21,24,Timberwolves,1,1,1,1,1,1,1,1,1,1,1,1,1,1,1,1,1,1,Timberwolves,0.563,0.402,0.13,0.2,0.527,0.312,0.131,0.314,Cavaliers,18.59,43,46,86,429,1,1,302,26,21,43,0.488,24,50,0.48,0.484,20,29,0.69,Cavaliers,58,41,17,2,3,0,9,41,123,2018-10-19,Target Center
41,CLE @ MIN 2018-10-19,0021800021,1610612739,Cavaliers,CLE,Cleveland,240:00,45,93,0.484,8,23,0.348,25,29,0.862,13,30,43,26,5,2,14,24,123,-8.0,Cavaliers,115.2,115.0,122.0,122.4,-6.8,-7.5,0.578,1.86,17.8,0.314,0.711,0.5,13.114,13.1,0.527,0.582,1.0,0.2,107.08,107.0,0.444,Cavaliers,0.753,0.247,0.602,0.13,0.195,0.122,0.203,0.154,0.472,0.486,0.514,1.0,0.0,0.578,0.422,Cavaliers,19.0,17.0,15.0,58.0,22.0,13.0,18.0,56.0,2,7,24,21,Cavaliers,1,1,1,1,1,1,1,1,1,1,1,1,1,1,1,1,1,1,Cavaliers,0.527,0.312,0.131,0.255,0.563,0.402,0.13,0.289,Timberwolves,17.71,21,61,80,409,3,2,282,28,16,35,0.457,28,52,0.538,0.506,20,29,0.69,Timberwolves,61,44,17,5,4,0,5,19,131,2018-10-19,Target Center
42,SAC @ NOP 2018-10-19,0021800022,1610612758,Kings,SAC,Sacramento,240:00,50,96,0.521,10,25,0.4,19,26,0.731,9,30,39,24,6,2,13,26,129,-20.0,Kings,115.8,115.2,131.3,130.7,-15.5,-15.5,0.48,1.85,16.6,0.18,0.696,0.427,11.665,11.6,0.573,0.6,1.0,0.201,112.48,113.0,0.412,Kings,0.74,0.26,0.62,0.078,0.233,0.178,0.147,0.132,0.543,0.4,0.6,0.8,0.2,0.48,0.52,Kings,17.0,6.0,23.0,70.0,18.0,15.0,28.0,76.0,2,4,26,25,Kings,1,1,1,1,1,1,1,1,1,1,1,1,1,1,1,1,1,1,Kings,0.573,0.271,0.117,0.18,0.674,0.347,0.141,0.304,Kings,19.51,25,48,67,444,2,3,312,24,27,51,0.529,23,45,0.511,0.521,25,34,0.735,Kings,63,37,26,10,5,0,8,21,129,2018-10-19,Smoothie King Center
43,SAC @ NOP 2018-10-19,0021800022,1610612740,Pelicans,NOP,New Orleans,240:00,56,95,0.589,16,31,0.516,21,33,0.636,12,40,52,35,6,4,16,25,149,20.0,Pelicans,131.3,130.7,115.8,115.2,15.5,15.5,0.625,2.19,21.8,0.304,0.82,0.573,14.094,14.0,0.674,0.68,1.0,0.201,112.48,113.0,0.588,Pelicans,0.674,0.326,0.537,0.027,0.322,0.188,0.141,0.121,0.51,0.575,0.425,0.75,0.25,0.625,0.375,Pelicans,18.0,15.0,28.0,76.0,17.0,6.0,23.0,70.0,4,2,25,26,Pelicans,1,1,1,1,1,1,1,1,1,1,1,1,1,1,1,1,1,1,Pelicans,0.674,0.347,0.141,0.261,0.573,0.271,0.117,0.18,Pelicans,18.71,26,50,71,431,3,3,296,35,24,42,0.571,32,53,0.604,0.589,23,30,0.767,Pelicans,66,45,21,10,6,0,7,41,149,2018-10-19,Smoothie King Center
44,IND @ MIL 2018-10-19,0021800023,1610612749,Bucks,MIL,Milwaukee,240:00,44,93,0.473,17,46,0.37,13,21,0.619,11,39,50,27,9,8,17,26,118,17.0,Bucks,109.0,113.5,94.5,99.0,14.5,14.4,0.614,1.59,18.5,0.327,0.75,0.538,15.706,16.3,0.565,0.577,1.0,0.198,107.56,103.0,0.627,Bucks,0.505,0.495,0.458,0.0,0.432,0.169,0.11,0.203,0.458,0.444,0.556,0.882,0.118,0.614,0.386,Bucks,24.0,13.0,20.0,54.0,18.0,4.0,10.0,42.0,8,3,26,25,Bucks,1,1,1,1,1,1,1,1,1,1,1,1,1,1,1,1,1,1,Bucks,0.565,0.226,0.157,0.212,0.471,0.31,0.159,0.25,Pacers,18.82,28,57,82,416,2,0,294,14,20,40,0.5,18,47,0.383,0.437,19,29,0.655,Pacers,67,32,35,15,9,2,15,27,101,2018-10-19,Fiserv Forum
45,IND @ MIL 2018-10-19,0021800023,1610612754,Pacers,IND,Indiana,240:00,38,87,0.437,6,18,0.333,19,27,0.704,9,32,41,14,7,3,17,25,101,-17.0,Pacers,94.5,99.0,109.0,113.5,-14.5,-14.4,0.368,0.82,10.8,0.25,0.673,0.462,15.906,16.7,0.471,0.511,1.0,0.198,107.56,103.0,0.373,Pacers,0.793,0.207,0.634,0.218,0.178,0.099,0.188,0.178,0.416,0.313,0.688,0.667,0.333,0.368,0.632,Pacers,18.0,4.0,10.0,42.0,24.0,13.0,20.0,54.0,3,8,25,26,Pacers,1,1,1,1,1,1,1,1,1,1,1,1,1,1,1,1,1,1,Pacers,0.471,0.31,0.159,0.173,0.565,0.226,0.157,0.327,Bucks,18.48,25,66,89,447,2,0,311,27,21,35,0.6,23,58,0.397,0.473,11,21,0.524,Bucks,62,48,14,12,12,0,12,32,118,2018-10-19,Fiserv Forum
46,GSW @ UTA 2018-10-19,0021800024,1610612762,Jazz,UTA,Utah,240:00,40,89,0.449,19,46,0.413,24,29,0.828,10,28,38,24,11,4,16,19,123,-1.0,Jazz,113.1,118.3,120.5,119.2,-7.4,-1.0,0.6,1.41,16.8,0.308,0.769,0.505,15.631,16.3,0.556,0.604,1.0,0.199,105.84,104.0,0.454,Jazz,0.483,0.517,0.341,0.049,0.463,0.146,0.195,0.163,0.293,0.571,0.429,0.632,0.368,0.6,0.4,Jazz,20.0,8.0,18.0,36.0,19.0,14.0,20.0,46.0,4,6,19,23,Jazz,1,1,1,1,1,1,1,1,1,1,1,1,1,1,1,1,1,1,Jazz,0.556,0.326,0.156,0.192,0.621,0.207,0.155,0.231,Warriors,17.96,16,42,57,396,2,0,263,27,19,38,0.5,29,52,0.558,0.563,13,26,0.5,Warriors,68,31,37,0,0,2,11,49,124,2018-10-19,Vivint Smart Home Arena
47,GSW @ UTA 2018-10-19,0021800024,1610612744,Warriors,GSW,Golden State,240:00,49,87,0.563,10,19,0.526,16,18,0.889,8,35,43,27,10,6,16,23,124,1.0,Warriors,120.5,119.2,113.1,118.3,7.4,1.0,0.551,1.69,19.6,0.231,0.692,0.495,15.546,15.4,0.621,0.653,1.0,0.2,105.84,104.0,0.546,Warriors,0.782,0.218,0.629,0.258,0.242,0.161,0.129,0.153,0.371,0.462,0.538,0.9,0.1,0.551,0.449,Warriors,19.0,14.0,20.0,46.0,20.0,8.0,18.0,36.0,6,4,23,19,Warriors,1,1,1,1,1,1,1,1,1,1,1,1,1,1,1,1,1,1,Warriors,0.621,0.207,0.155,0.205,0.556,0.326,0.156,0.308,Jazz,18.45,21,28,49,449,4,0,317,24,12,35,0.343,26,55,0.473,0.449,17,27,0.63,Jazz,67,56,11,0,0,0,7,55,123,2018-10-19,Vivint Smart Home Arena
48,OKC @ LAC 2018-10-19,0021800025,1610612760,Thunder,OKC,Oklahoma City,240:00,34,95,0.358,7,33,0.212,17,23,0.739,15,37,52,18,5,4,12,29,92,-16.0,Thunder,89.2,91.1,106.0,106.9,-16.8,-15.8,0.529,1.38,13.2,0.323,0.74,0.509,12.607,12.9,0.395,0.438,1.0,0.2,102.48,101.0,0.389,Thunder,0.653,0.347,0.587,0.152,0.228,0.109,0.185,0.207,0.435,0.444,0.556,0.857,0.143,0.529,0.471,Thunder,19.0,24.0,10.0,40.0,12.0,9.0,14.0,40.0,4,3,29,24,Thunder,1,1,1,1,1,1,1,1,1,1,1,1,1,1,1,1,1,1,Thunder,0.395,0.242,0.126,0.242,0.5,0.444,0.147,0.26,Thunder,18.57,30,59,86,405,3,1,274,18,13,37,0.351,21,58,0.362,0.358,13,25,0.52,Thunder,56,36,20,5,1,1,11,5,92,2018-10-19,Staples Center
49,OKC @ LAC 2018-10-19,0021800025,1610612746,Clippers,LAC,LA,240:00,35,81,0.432,11,26,0.423,27,36,0.75,10,38,48,21,3,3,14,24,108,16.0,Clippers,106.0,106.9,89.2,91.1,16.8,15.8,0.6,1.4,15.8,0.26,0.677,0.491,14.729,14.9,0.5,0.558,1.0,0.198,102.48,101.0,0.611,Clippers,0.679,0.321,0.444,0.074,0.306,0.13,0.25,0.111,0.37,0.5,0.5,0.818,0.182,0.6,0.4,Clippers,12.0,9.0,14.0,40.0,19.0,24.0,10.0,40.0,3,4,24,29,Clippers,1,1,1,1,1,1,1,1,1,1,1,1,1,1,1,1,1,1,Clippers,0.5,0.444,0.147,0.2,0.395,0.242,0.126,0.323,Clippers,18.04,24,70,92,438,3,1,315,21,17,28,0.607,18,52,0.346,0.432,14,22,0.636,Clippers,55,32,23,4,1,1,5,7,108,2018-10-19,Staples Center
50,BKN @ IND 2018-10-20,0021800026,1610612754,Pacers,IND,Indiana,240:00,51,92,0.554,16,24,0.667,14,22,0.636,10,30,40,21,12,5,10,18,132,20.0,Pacers,128.6,129.4,105.0,109.8,23.6,19.6,0.412,1.91,15.7,0.295,0.667,0.489,10.713,10.8,0.641,0.649,1.0,0.199,104.68,102.0,0.579,Pacers,0.739,0.261,0.53,0.091,0.364,0.182,0.106,0.227,0.439,0.343,0.657,0.563,0.438,0.412,0.588,Pacers,30.0,21.0,24.0,58.0,13.0,24.0,19.0,40.0,5,6,18,18,Pacers,1,1,1,1,1,1,1,1,1,1,1,1,1,1,1,1,1,1,Pacers,0.641,0.239,0.107,0.227,0.57,0.256,0.187,0.333,Nets,18.37,24,53,72,425,2,0,296,25,17,33,0.515,24,53,0.453,0.477,18,35,0.514,Nets,65,49,16,4,5,0,15,28,112,2018-10-20,Bankers Life Fieldhouse
51,BKN @ IND 2018-10-20,0021800026,1610612751,Nets,BKN,Brooklyn,240:00,41,86,0.477,16,37,0.432,14,22,0.636,9,31,40,25,6,6,20,18,112,-20.0,Nets,105.0,109.8,128.6,129.4,-23.6,-19.6,0.61,1.25,17.8,0.333,0.705,0.511,18.748,19.6,0.57,0.585,1.0,0.201,104.68,102.0,0.421,Nets,0.57,0.43,0.446,0.089,0.429,0.17,0.125,0.116,0.357,0.44,0.56,0.875,0.125,0.61,0.39,Nets,13.0,24.0,19.0,40.0,30.0,21.0,24.0,58.0,6,5,18,18,Nets,1,1,1,1,1,1,1,1,1,1,1,1,1,1,1,1,1,1,Nets,0.57,0.256,0.187,0.188,0.641,0.239,0.107,0.295,Pacers,18.58,25,57,81,386,1,1,266,21,19,39,0.487,32,53,0.604,0.554,14,22,0.636,Pacers,61,30,31,4,2,2,15,30,132,2018-10-20,Bankers Life Fieldhouse
52,TOR @ WAS 2018-10-20,0021800027,1610612764,Wizards,WAS,Washington,240:00,37,89,0.416,13,39,0.333,26,32,0.813,9,28,37,20,11,9,11,27,113,-4.0,Wizards,107.5,110.8,109.5,114.7,-2.0,-3.9,0.541,1.82,14.9,0.236,0.623,0.426,10.468,10.8,0.489,0.548,1.0,0.196,105.96,102.0,0.49,Wizards,0.562,0.438,0.425,0.088,0.345,0.301,0.23,0.265,0.336,0.292,0.708,1.0,0.0,0.541,0.459,Wizards,30.0,13.0,34.0,38.0,16.0,17.0,4.0,48.0,9,5,27,29,Wizards,1,1,1,1,1,1,1,1,1,1,1,1,1,1,1,1,1,1,Wizards,0.489,0.36,0.105,0.164,0.5,0.409,0.159,0.377,Raptors,18.73,32,71,99,422,2,1,290,21,16,42,0.381,23,46,0.5,0.443,16,29,0.552,Raptors,71,38,33,3,5,1,8,46,117,2018-10-20,Capital One Arena
53,TOR @ WAS 2018-10-20,0021800027,1610612761,Raptors,TOR,Toronto,240:00,39,88,0.443,10,29,0.345,29,36,0.806,14,38,52,21,5,5,17,29,117,4.0,Raptors,109.5,114.7,107.5,110.8,2.0,3.9,0.538,1.24,14.8,0.377,0.764,0.574,15.912,16.7,0.5,0.563,1.0,0.197,105.96,102.0,0.51,Raptors,0.67,0.33,0.496,0.085,0.256,0.034,0.248,0.137,0.41,0.448,0.552,0.8,0.2,0.538,0.462,Raptors,16.0,17.0,4.0,48.0,30.0,13.0,34.0,38.0,5,9,29,27,Raptors,1,1,1,1,1,1,1,1,1,1,1,1,1,1,1,1,1,1,Raptors,0.5,0.409,0.159,0.264,0.489,0.36,0.105,0.236,Wizards,17.93,34,52,84,388,3,0,263,20,14,36,0.389,23,53,0.434,0.416,16,27,0.593,Wizards,58,38,20,14,11,2,10,42,113,2018-10-20,Capital One Arena
54,BOS @ NYK 2018-10-20,0021800028,1610612752,Knicks,NYK,New York,240:00,36,87,0.414,12,35,0.343,17,27,0.63,11,35,46,23,8,1,16,25,101,-2.0,Knicks,97.2,99.0,102.5,100.0,-5.2,-1.0,0.639,1.44,16.7,0.264,0.76,0.505,15.402,15.7,0.483,0.511,1.0,0.2,102.2,102.5,0.472,Knicks,0.598,0.402,0.475,0.079,0.356,0.109,0.168,0.168,0.396,0.5,0.5,0.917,0.083,0.639,0.361,Knicks,17.0,10.0,11.0,40.0,15.0,13.0,9.0,36.0,1,2,25,26,Knicks,1,1,1,1,1,1,1,1,1,1,1,1,1,1,1,1,1,1,Knicks,0.483,0.31,0.154,0.208,0.457,0.402,0.149,0.24,Celtics,17.71,20,56,74,390,3,0,265,21,11,30,0.367,22,52,0.423,0.402,15,21,0.714,Celtics,61,37,24,10,5,0,6,31,103,2018-10-20,Madison Square Garden
55,BOS @ NYK 2018-10-20,0021800028,1610612738,Celtics,BOS,Boston,240:00,33,82,0.402,9,25,0.36,28,33,0.848,11,36,47,21,8,2,15,26,103,2.0,Celtics,102.5,100.0,97.2,99.0,5.2,1.0,0.636,1.4,15.8,0.24,0.736,0.495,14.922,14.6,0.457,0.534,1.0,0.201,102.2,102.5,0.528,Celtics,0.695,0.305,0.466,0.117,0.262,0.087,0.272,0.146,0.35,0.5,0.5,1.0,0.0,0.636,0.364,Celtics,15.0,13.0,9.0,36.0,17.0,10.0,11.0,40.0,2,1,26,25,Celtics,1,1,1,1,1,1,1,1,1,1,1,1,1,1,1,1,1,1,Celtics,0.457,0.402,0.149,0.22,0.483,0.31,0.154,0.264,Knicks,18.34,24,51,74,443,1,0,316,23,17,35,0.486,19,52,0.365,0.414,15,22,0.682,Knicks,50,33,17,9,8,1,8,28,101,2018-10-20,Madison Square Garden
56,ORL @ PHI 2018-10-20,0021800029,1610612755,76ers,PHI,Philadelphia,240:00,45,94,0.479,17,33,0.515,9,10,0.9,13,33,46,33,8,3,10,21,116,1.0,76ers,121.6,119.6,113.1,118.6,8.5,1.0,0.733,3.3,23.3,0.26,0.635,0.451,10.482,10.3,0.569,0.589,1.0,0.199,98.54,97.0,0.508,76ers,0.649,0.351,0.483,0.138,0.44,0.172,0.078,0.181,0.345,0.643,0.357,0.882,0.118,0.733,0.267,76ers,21.0,11.0,20.0,40.0,14.0,19.0,10.0,42.0,3,7,21,15,76ers,1,1,1,1,1,1,1,1,1,1,1,1,1,1,1,1,1,1,76ers,0.569,0.106,0.105,0.26,0.544,0.244,0.157,0.365,Magic,18.1,22,55,76,426,4,1,297,31,20,43,0.465,21,47,0.447,0.456,15,25,0.6,Magic,58,34,24,0,0,0,5,32,115,2018-10-20,Wells Fargo Center
57,ORL @ PHI 2018-10-20,0021800029,1610612753,Magic,ORL,Orlando,240:00,41,90,0.456,16,29,0.552,17,22,0.773,14,35,49,31,7,7,14,15,115,-1.0,Magic,113.1,118.6,121.6,119.6,-8.5,-1.0,0.756,1.94,21.1,0.365,0.74,0.549,15.736,16.5,0.544,0.577,1.0,0.194,98.54,97.0,0.492,Magic,0.678,0.322,0.435,0.07,0.417,0.087,0.148,0.122,0.365,0.68,0.32,0.875,0.125,0.756,0.244,Magic,14.0,19.0,10.0,42.0,21.0,11.0,20.0,40.0,7,3,15,21,Magic,1,1,1,1,1,1,1,1,1,1,1,1,1,1,1,1,1,1,Magic,0.544,0.244,0.157,0.269,0.569,0.106,0.105,0.26,76ers,18.4,37,50,85,446,6,0,322,33,20,38,0.526,25,56,0.446,0.479,18,31,0.581,76ers,65,42,23,0,0,1,12,22,116,2018-10-20,Wells Fargo Center
58,CHA @ MIA 2018-10-20,0021800030,1610612748,Heat,MIA,Miami,240:00,41,89,0.461,11,34,0.324,19,27,0.704,12,37,49,21,4,11,15,27,112,-1.0,Heat,106.8,110.9,109.6,113.0,-2.8,-2.1,0.512,1.31,15.2,0.4,0.719,0.57,15.256,15.8,0.522,0.555,1.0,0.2,104.0,100.5,0.51,Heat,0.618,0.382,0.536,0.161,0.295,0.063,0.17,0.107,0.375,0.433,0.567,0.727,0.273,0.512,0.488,Heat,12.0,16.0,7.0,42.0,27.0,17.0,13.0,44.0,11,12,27,27,Heat,1,1,1,1,1,1,1,1,1,1,1,1,1,1,1,1,1,1,Heat,0.522,0.303,0.153,0.24,0.527,0.247,0.116,0.281,Hornets,18.26,36,56,91,403,2,1,276,23,19,45,0.422,22,48,0.458,0.441,20,29,0.69,Hornets,63,39,24,0,0,2,9,25,113,2018-10-20,AmericanAirlines Arena
59,CHA @ MIA 2018-10-20,0021800030,1610612766,Hornets,CHA,Charlotte,240:00,41,93,0.441,16,42,0.381,15,23,0.652,12,28,40,23,6,12,11,27,113,1.0,Hornets,109.6,113.0,106.8,110.9,2.8,2.1,0.561,1.92,16.7,0.281,0.6,0.43,11.637,12.0,0.527,0.548,1.0,0.198,104.0,100.5,0.49,Hornets,0.548,0.452,0.442,0.053,0.425,0.115,0.133,0.239,0.389,0.6,0.4,0.5,0.5,0.561,0.439,Hornets,27.0,17.0,13.0,44.0,12.0,16.0,7.0,42.0,12,11,27,27,Hornets,1,1,1,1,1,1,1,1,1,1,1,1,1,1,1,1,1,1,Hornets,0.527,0.247,0.116,0.211,0.522,0.303,0.153,0.4,Heat,18.24,40,69,104,429,3,2,297,21,18,37,0.486,23,52,0.442,0.461,19,31,0.613,Heat,76,38,38,0,0,0,5,41,112,2018-10-20,AmericanAirlines Arena
60,DET @ CHI 2018-10-20,0021800031,1610612765,Pistons,DET,Detroit,240:00,41,101,0.406,18,40,0.45,18,23,0.783,18,31,49,21,4,4,9,23,118,2.0,Pistons,114.4,118.0,111.1,117.2,3.4,0.8,0.512,2.1,14.8,0.381,0.761,0.541,9.697,10.0,0.495,0.531,1.0,0.198,103.78,99.5,0.448,Pistons,0.604,0.396,0.39,0.051,0.458,0.076,0.153,0.102,0.339,0.261,0.739,0.833,0.167,0.512,0.488,Pistons,12.0,20.0,9.0,40.0,8.0,11.0,10.0,58.0,4,3,23,20,Pistons,1,1,1,1,1,1,1,1,1,1,1,1,1,1,1,1,1,1,Pistons,0.495,0.228,0.097,0.286,0.546,0.299,0.105,0.239,Pistons,18.27,33,53,82,435,1,0,303,21,12,32,0.375,29,69,0.42,0.406,19,25,0.76,Pistons,56,44,12,11,4,0,9,10,118,2018-10-20,United Center
61,DET @ CHI 2018-10-20,0021800031,1610612741,Bulls,CHI,Chicago,240:00,44,87,0.506,7,21,0.333,21,26,0.808,5,36,41,26,4,3,11,20,116,-2.0,Bulls,111.1,117.2,114.4,118.0,-3.4,-0.8,0.591,2.36,19.2,0.239,0.619,0.459,10.532,11.1,0.546,0.589,1.0,0.199,103.78,99.5,0.552,Bulls,0.759,0.241,0.638,0.138,0.181,0.086,0.181,0.069,0.5,0.568,0.432,0.714,0.286,0.591,0.409,Bulls,8.0,11.0,10.0,58.0,12.0,20.0,9.0,40.0,3,4,20,23,Bulls,1,1,1,1,1,1,1,1,1,1,1,1,1,1,1,1,1,1,Bulls,0.546,0.299,0.105,0.109,0.495,0.228,0.097,0.381,Bulls,18.53,16,60,74,390,1,1,266,26,21,36,0.583,23,51,0.451,0.506,16,30,0.533,Bulls,76,45,31,8,7,0,6,16,116,2018-10-20,United Center
62,MIN @ DAL 2018-10-20,0021800032,1610612750,Timberwolves,MIN,Minnesota,240:00,44,84,0.524,14,27,0.519,34,40,0.85,6,27,33,23,10,3,17,30,136,-4.0,Timberwolves,120.8,123.6,122.9,128.4,-2.1,-4.8,0.523,1.35,16.2,0.262,0.623,0.463,15.098,15.5,0.607,0.669,1.0,0.199,113.28,109.5,0.486,Timberwolves,0.679,0.321,0.441,0.147,0.309,0.213,0.25,0.088,0.294,0.367,0.633,0.857,0.143,0.523,0.477,Timberwolves,12.0,12.0,29.0,40.0,28.0,24.0,22.0,52.0,3,8,30,28,Timberwolves,1,1,1,1,1,1,1,1,1,1,1,1,1,1,1,1,1,1,Timberwolves,0.607,0.476,0.151,0.143,0.587,0.347,0.14,0.377,Timberwolves,18.62,21,57,74,367,3,1,245,23,16,40,0.4,28,44,0.636,0.524,22,28,0.786,Timberwolves,66,30,36,4,2,1,5,25,136,2018-10-20,American Airlines Center
63,MIN @ DAL 2018-10-20,0021800032,1610612742,Mavericks,DAL,Dallas,240:00,49,98,0.5,17,50,0.34,25,34,0.735,15,27,42,29,8,8,16,28,140,4.0,Mavericks,122.9,128.4,120.8,123.6,2.1,4.8,0.592,1.81,18.4,0.377,0.738,0.537,14.04,14.7,0.587,0.62,1.0,0.199,113.28,109.5,0.514,Mavericks,0.49,0.51,0.457,0.086,0.364,0.157,0.179,0.2,0.371,0.469,0.531,0.824,0.176,0.592,0.408,Mavericks,28.0,24.0,22.0,52.0,12.0,12.0,29.0,40.0,8,3,28,30,Mavericks,1,1,1,1,1,1,1,1,1,1,1,1,1,1,1,1,1,1,Mavericks,0.587,0.347,0.14,0.283,0.607,0.476,0.151,0.262,Mavericks,19.13,38,50,86,475,1,2,335,29,23,35,0.657,26,63,0.413,0.5,11,22,0.5,Mavericks,68,50,18,1,6,0,6,20,140,2018-10-20,American Airlines Center
64,PHX @ DEN 2018-10-20,0021800033,1610612756,Suns,PHX,Phoenix,240:00,29,77,0.377,11,39,0.282,22,35,0.629,10,30,40,20,6,4,19,26,91,-28.0,Suns,89.7,88.3,111.5,114.4,-21.7,-26.1,0.69,1.05,15.2,0.175,0.733,0.422,18.738,18.4,0.448,0.492,1.0,0.199,104.08,103.5,0.294,Suns,0.494,0.506,0.396,0.066,0.363,0.099,0.242,0.143,0.33,0.5,0.5,1.0,0.0,0.69,0.31,Suns,13.0,11.0,9.0,30.0,21.0,14.0,33.0,62.0,4,6,26,31,Suns,1,1,1,1,1,1,1,1,1,1,1,1,1,1,1,1,1,1,Suns,0.448,0.455,0.187,0.175,0.559,0.341,0.169,0.267,Suns,18.0,27,56,80,481,3,1,358,20,13,28,0.464,16,49,0.327,0.377,22,32,0.688,Suns,47,29,18,10,8,2,1,18,91,2018-10-20,Pepsi Center
65,PHX @ DEN 2018-10-20,0021800033,1610612743,Nuggets,DEN,Denver,240:00,43,85,0.506,9,28,0.321,24,29,0.828,9,45,54,28,12,6,18,31,119,28.0,Nuggets,111.5,114.4,89.7,88.3,21.7,26.1,0.651,1.56,19.5,0.267,0.825,0.578,16.86,17.3,0.559,0.609,1.0,0.195,104.08,103.5,0.706,Nuggets,0.671,0.329,0.571,0.05,0.227,0.277,0.202,0.176,0.521,0.618,0.382,0.778,0.222,0.651,0.349,Nuggets,21.0,14.0,33.0,62.0,13.0,11.0,9.0,30.0,6,4,31,26,Nuggets,1,1,1,1,1,1,1,1,1,1,1,1,1,1,1,1,1,1,Nuggets,0.559,0.341,0.169,0.2,0.448,0.455,0.187,0.175,Nuggets,18.22,32,64,87,436,7,0,309,28,24,40,0.6,19,45,0.422,0.506,12,18,0.667,Nuggets,54,25,29,10,9,0,9,21,119,2018-10-20,Pepsi Center
66,SAS @ POR 2018-10-20,0021800034,1610612759,Spurs,SAS,San Antonio,240:00,42,100,0.42,13,30,0.433,11,14,0.786,15,25,40,29,5,4,6,17,108,-13.0,Spurs,111.2,113.7,125.6,127.4,-14.4,-13.7,0.69,4.83,20.5,0.3,0.75,0.48,6.175,6.3,0.485,0.509,1.0,0.198,96.76,95.0,0.424,Spurs,0.7,0.3,0.537,0.185,0.361,0.046,0.102,0.111,0.352,0.586,0.414,0.923,0.077,0.69,0.31,Spurs,12.0,12.0,5.0,38.0,7.0,8.0,8.0,44.0,4,3,17,14,Spurs,1,1,1,1,1,1,1,1,1,1,1,1,1,1,1,1,1,1,Spurs,0.485,0.14,0.062,0.25,0.625,0.226,0.125,0.25,Spurs,18.36,33,50,81,433,5,1,310,29,23,49,0.469,19,51,0.373,0.42,16,22,0.727,Spurs,61,38,23,2,1,0,13,31,108,2018-10-20,Moda Center
67,SAS @ POR 2018-10-20,0021800034,1610612757,Trail Blazers,POR,Portland,240:00,45,84,0.536,15,32,0.469,16,19,0.842,8,38,46,24,5,3,12,14,121,13.0,Trail Blazers,125.6,127.4,111.2,113.7,14.4,13.7,0.533,2.0,18.7,0.25,0.7,0.52,12.453,12.6,0.625,0.655,1.0,0.197,96.76,95.0,0.576,Trail Blazers,0.619,0.381,0.496,0.132,0.372,0.066,0.132,0.058,0.364,0.467,0.533,0.667,0.333,0.533,0.467,Trail Blazers,7.0,8.0,8.0,44.0,12.0,12.0,5.0,38.0,3,4,14,17,Trail Blazers,1,1,1,1,1,1,1,1,1,1,1,1,1,1,1,1,1,1,Trail Blazers,0.625,0.226,0.125,0.2,0.485,0.14,0.062,0.3,Trail Blazers,17.87,20,64,82,373,1,1,260,24,23,37,0.622,22,47,0.468,0.536,7,16,0.438,Trail Blazers,84,55,29,9,2,0,14,35,121,2018-10-20,Moda Center
68,HOU @ LAL 2018-10-20,0021800035,1610612747,Lakers,LAL,Los Angeles,240:00,48,100,0.48,8,32,0.25,11,18,0.611,9,35,44,28,8,10,10,21,115,-9.0,Lakers,104.6,103.6,108.6,112.7,-4.0,-9.1,0.583,2.55,19.1,0.214,0.691,0.45,10.007,9.9,0.52,0.533,1.0,0.195,112.06,110.5,0.507,Lakers,0.68,0.32,0.696,0.087,0.209,0.191,0.096,0.2,0.609,0.575,0.425,0.625,0.375,0.583,0.417,Lakers,23.0,10.0,22.0,70.0,18.0,8.0,17.0,52.0,10,4,21,21,Lakers,1,1,1,1,1,1,1,1,1,1,1,1,1,1,1,1,1,1,Lakers,0.52,0.18,0.1,0.161,0.542,0.313,0.158,0.309,Rockets,17.18,36,64,97,368,3,0,242,22,14,33,0.424,30,63,0.476,0.458,23,32,0.719,Rockets,59,36,23,3,1,1,5,23,124,2018-10-20,Staples Center
69,HOU @ LAL 2018-10-20,0021800035,1610612745,Rockets,HOU,Houston,240:00,44,96,0.458,16,42,0.381,20,30,0.667,13,41,54,22,7,4,16,21,124,9.0,Rockets,108.6,112.7,104.6,103.6,4.0,9.1,0.5,1.22,14.7,0.309,0.786,0.55,15.762,16.4,0.542,0.568,1.0,0.193,112.06,110.5,0.493,Rockets,0.563,0.438,0.452,0.032,0.387,0.137,0.161,0.145,0.419,0.464,0.536,0.563,0.438,0.5,0.5,Rockets,18.0,8.0,17.0,52.0,23.0,10.0,22.0,70.0,4,10,21,21,Rockets,1,1,1,1,1,1,1,1,1,1,1,1,1,1,1,1,1,1,Rockets,0.542,0.313,0.158,0.236,0.52,0.18,0.1,0.214,Lakers,17.79,23,63,85,396,4,0,266,28,23,38,0.605,25,62,0.403,0.48,18,35,0.514,Lakers,61,30,31,1,1,0,0,28,115,2018-10-20,Staples Center
70,ATL @ CLE 2018-10-21,0021800036,1610612739,Cavaliers,CLE,Cleveland,240:00,46,99,0.465,10,27,0.37,9,14,0.643,15,34,49,23,5,2,18,25,111,-22.0,Cavaliers,102.6,104.7,121.6,125.5,-19.0,-20.8,0.5,1.28,15.7,0.345,0.725,0.528,16.642,17.0,0.515,0.528,1.0,0.198,108.76,106.0,0.382,Cavaliers,0.727,0.273,0.649,0.252,0.27,0.09,0.081,0.135,0.396,0.417,0.583,0.8,0.2,0.5,0.5,Cavaliers,15.0,23.0,10.0,44.0,23.0,13.0,11.0,52.0,2,7,25,21,Cavaliers,1,1,1,1,1,1,1,1,1,1,1,1,1,1,1,1,1,1,Cavaliers,0.515,0.141,0.166,0.273,0.602,0.194,0.11,0.275,Hawks,18.54,30,54,82,489,5,1,355,32,14,34,0.412,34,64,0.531,0.49,15,32,0.469,Hawks,71,53,18,8,7,1,7,30,133,2018-10-21,Quicken Loans Arena
71,ATL @ CLE 2018-10-21,0021800036,1610612737,Hawks,ATL,Atlanta,240:00,48,98,0.49,22,47,0.468,15,19,0.789,9,35,44,32,9,7,12,21,133,22.0,Hawks,121.6,125.5,102.6,104.7,19.0,20.8,0.667,2.67,21.3,0.275,0.655,0.472,10.973,11.3,0.602,0.625,1.0,0.196,108.76,106.0,0.618,Hawks,0.52,0.48,0.391,0.0,0.496,0.083,0.113,0.173,0.391,0.615,0.385,0.727,0.273,0.667,0.333,Hawks,23.0,13.0,11.0,52.0,15.0,23.0,10.0,44.0,7,2,21,25,Hawks,1,1,1,1,1,1,1,1,1,1,1,1,1,1,1,1,1,1,Hawks,0.602,0.194,0.11,0.176,0.515,0.141,0.166,0.345,Cavaliers,18.26,28,57,85,436,2,0,300,23,15,44,0.341,31,55,0.564,0.465,23,32,0.719,Cavaliers,67,31,36,6,6,0,18,51,111,2018-10-21,Quicken Loans Arena
72,SAC @ OKC 2018-10-21,0021800037,1610612758,Kings,SAC,Sacramento,240:00,50,91,0.549,10,22,0.455,21,28,0.75,12,34,46,28,11,7,17,26,131,11.0,Kings,117.7,119.1,102.4,107.1,15.3,11.9,0.56,1.4,18.5,0.261,0.606,0.464,17.966,18.2,0.604,0.634,1.0,0.193,114.26,111.0,0.586,Kings,0.758,0.242,0.611,0.092,0.229,0.137,0.16,0.214,0.519,0.525,0.475,0.7,0.3,0.56,0.44,Kings,28.0,7.0,18.0,68.0,26.0,29.0,19.0,68.0,7,9,26,29,Kings,1,1,1,1,1,1,1,1,1,1,1,1,1,1,1,1,1,1,Kings,0.604,0.308,0.18,0.261,0.486,0.288,0.154,0.394,Kings,18.82,30,80,105,447,2,1,314,28,24,44,0.545,26,47,0.553,0.549,27,45,0.6,Kings,56,34,22,12,11,0,4,32,131,2018-10-21,Chesapeake Energy Arena
73,SAC @ OKC 2018-10-21,0021800037,1610612760,Thunder,OKC,Oklahoma City,240:00,46,104,0.442,9,39,0.231,19,30,0.633,18,33,51,23,11,9,18,29,120,-11.0,Thunder,102.4,107.1,117.7,119.1,-15.3,-11.9,0.5,1.28,14.5,0.394,0.739,0.536,15.358,16.1,0.486,0.512,1.0,0.198,114.26,111.0,0.414,Thunder,0.625,0.375,0.617,0.05,0.225,0.158,0.158,0.217,0.567,0.378,0.622,1.0,0.0,0.5,0.5,Thunder,26.0,29.0,19.0,68.0,28.0,7.0,18.0,68.0,9,7,29,26,Thunder,1,1,1,1,1,1,1,1,1,1,1,1,1,1,1,1,1,1,Thunder,0.486,0.288,0.154,0.273,0.604,0.308,0.18,0.261,Thunder,18.31,46,54,94,421,3,1,278,23,23,41,0.561,23,62,0.371,0.442,23,33,0.697,Thunder,56,43,13,14,17,2,2,35,120,2018-10-21,Chesapeake Energy Arena
74,GSW @ DEN 2018-10-21,0021800038,1610612744,Warriors,GSW,Golden State,240:00,36,79,0.456,7,29,0.241,19,24,0.792,6,34,40,22,4,6,18,29,98,-2.0,Warriors,95.6,98.0,98.5,99.0,-3.0,-1.0,0.611,1.16,16.9,0.213,0.69,0.476,18.526,19.0,0.5,0.547,1.0,0.197,102.02,100.5,0.481,Warriors,0.633,0.367,0.592,0.143,0.214,0.112,0.194,0.122,0.449,0.552,0.448,0.857,0.143,0.611,0.389,Warriors,12.0,12.0,11.0,44.0,19.0,11.0,17.0,48.0,6,4,29,22,Warriors,1,1,1,1,1,1,1,1,1,1,1,1,1,1,1,1,1,1,Warriors,0.5,0.304,0.185,0.128,0.442,0.488,0.099,0.31,Warriors,17.71,25,60,79,420,1,1,300,22,17,35,0.486,19,44,0.432,0.456,19,28,0.679,Warriors,65,40,25,0,0,2,8,45,98,2018-10-21,Pepsi Center
75,GSW @ DEN 2018-10-21,0021800038,1610612743,Nuggets,DEN,Denver,240:00,35,86,0.407,6,32,0.188,24,42,0.571,13,34,47,21,11,4,8,22,100,2.0,Nuggets,98.5,99.0,95.6,98.0,3.0,1.0,0.6,2.1,15.5,0.31,0.787,0.524,9.854,9.9,0.442,0.479,1.0,0.197,102.02,100.5,0.519,Nuggets,0.628,0.372,0.58,0.1,0.18,0.17,0.24,0.19,0.48,0.517,0.483,1.0,0.0,0.6,0.4,Nuggets,19.0,11.0,17.0,48.0,12.0,12.0,11.0,44.0,4,6,22,29,Nuggets,1,1,1,1,1,1,1,1,1,1,1,1,1,1,1,1,1,1,Nuggets,0.442,0.488,0.099,0.224,0.5,0.304,0.185,0.213,Nuggets,18.21,39,56,92,467,4,0,340,21,17,35,0.486,18,51,0.353,0.407,17,25,0.68,Nuggets,49,26,23,0,0,1,5,22,100,2018-10-21,Pepsi Center
76,HOU @ LAC 2018-10-21,0021800039,1610612746,Clippers,LAC,LA,240:00,42,89,0.472,5,25,0.2,26,26,1.0,12,37,49,22,8,7,13,16,115,3.0,Clippers,113.4,115.0,110.2,112.0,3.1,3.0,0.524,1.69,16.2,0.319,0.813,0.568,12.815,13.0,0.5,0.572,1.0,0.199,101.52,100.0,0.546,Clippers,0.719,0.281,0.643,0.087,0.13,0.113,0.226,0.217,0.557,0.459,0.541,1.0,0.0,0.524,0.476,Clippers,25.0,19.0,13.0,64.0,18.0,10.0,15.0,54.0,7,6,16,23,Clippers,1,1,1,1,1,1,1,1,1,1,1,1,1,1,1,1,1,1,Clippers,0.5,0.292,0.128,0.255,0.567,0.169,0.118,0.188,Rockets,16.74,18,55,73,336,5,1,219,28,22,51,0.431,21,38,0.553,0.483,19,30,0.633,Rockets,68,50,18,9,9,0,12,20,112,2018-10-21,Staples Center
77,HOU @ LAC 2018-10-21,0021800039,1610612745,Rockets,HOU,Houston,240:00,43,89,0.483,15,35,0.429,11,15,0.733,6,29,35,28,6,6,12,23,112,-3.0,Rockets,110.2,112.0,113.4,115.0,-3.1,-3.0,0.651,2.33,20.6,0.188,0.681,0.432,11.811,12.0,0.567,0.586,1.0,0.199,101.52,100.0,0.454,Rockets,0.607,0.393,0.5,0.018,0.402,0.134,0.098,0.161,0.482,0.679,0.321,0.6,0.4,0.651,0.349,Rockets,18.0,10.0,15.0,54.0,25.0,19.0,13.0,64.0,6,7,23,16,Rockets,1,1,1,1,1,1,1,1,1,1,1,1,1,1,1,1,1,1,Rockets,0.567,0.169,0.118,0.125,0.5,0.292,0.128,0.319,Clippers,17.7,30,56,84,430,0,1,303,22,25,44,0.568,17,45,0.378,0.472,21,35,0.6,Clippers,69,39,30,11,10,1,3,30,115,2018-10-21,Staples Center
78,ORL @ BOS 2018-10-22,0021800040,1610612753,Magic,ORL,Orlando,240:00,38,93,0.409,10,35,0.286,7,10,0.7,8,41,49,28,6,2,9,15,93,3.0,Magic,94.5,95.9,91.9,94.7,2.6,1.1,0.737,3.11,20.8,0.228,0.782,0.5,9.146,9.3,0.462,0.477,1.0,0.199,98.18,96.0,0.526,Magic,0.624,0.376,0.602,0.151,0.323,0.065,0.075,0.097,0.452,0.643,0.357,1.0,0.0,0.737,0.263,Magic,9.0,13.0,6.0,42.0,9.0,8.0,23.0,48.0,2,3,15,15,Magic,1,1,1,1,1,1,1,1,1,1,1,1,1,1,1,1,1,1,Magic,0.462,0.108,0.091,0.14,0.456,0.099,0.122,0.218,Magic,18.2,21,62,83,408,2,1,288,28,15,33,0.455,23,60,0.383,0.409,17,25,0.68,Magic,69,38,31,3,3,1,7,20,93,2018-10-22,TD Garden
79,ORL @ BOS 2018-10-22,0021800040,1610612738,Celtics,BOS,Boston,240:00,37,91,0.407,9,40,0.225,7,9,0.778,9,42,51,21,6,3,12,15,90,-3.0,Celtics,91.9,94.7,94.5,95.9,-2.6,-1.1,0.568,1.75,16.4,0.218,0.772,0.5,12.25,12.6,0.456,0.474,1.0,0.198,98.18,96.0,0.474,Celtics,0.56,0.44,0.622,0.089,0.3,0.256,0.078,0.1,0.533,0.536,0.464,0.667,0.333,0.568,0.432,Celtics,9.0,8.0,23.0,48.0,9.0,13.0,6.0,42.0,3,2,15,15,Celtics,1,1,1,1,1,1,1,1,1,1,1,1,1,1,1,1,1,1,Celtics,0.456,0.099,0.122,0.164,0.462,0.108,0.091,0.228,Celtics,17.8,24,65,87,414,3,0,297,21,20,39,0.513,17,52,0.327,0.407,18,26,0.692,Celtics,67,39,28,8,4,1,2,35,90,2018-10-22,TD Garden
80,CHA @ TOR 2018-10-22,0021800041,1610612761,Raptors,TOR,Toronto,240:00,50,87,0.575,15,39,0.385,12,14,0.857,5,41,46,36,10,8,13,21,127,21.0,Raptors,123.1,124.5,103.0,106.0,20.1,18.5,0.72,2.4,25.0,0.27,0.707,0.537,14.541,14.7,0.661,0.682,1.0,0.196,103.04,101.0,0.635,Raptors,0.552,0.448,0.551,0.11,0.354,0.244,0.094,0.134,0.441,0.657,0.343,0.867,0.133,0.72,0.28,Raptors,17.0,7.0,31.0,56.0,11.0,15.0,5.0,44.0,8,5,21,14,Raptors,1,1,1,1,1,1,1,1,1,1,1,1,1,1,1,1,1,1,Raptors,0.661,0.161,0.145,0.135,0.469,0.186,0.117,0.293,Hornets,18.97,29,43,72,439,0,1,308,21,20,45,0.444,21,52,0.404,0.423,21,25,0.84,Hornets,57,27,30,0,0,1,17,13,106,2018-10-22,Scotiabank Arena
81,CHA @ TOR 2018-10-22,0021800041,1610612766,Hornets,CHA,Charlotte,240:00,41,97,0.423,9,28,0.321,15,18,0.833,14,27,41,21,5,5,12,14,106,-21.0,Hornets,103.0,106.0,123.1,124.5,-20.1,-18.5,0.512,1.75,15.2,0.293,0.73,0.463,11.66,12.0,0.469,0.505,1.0,0.2,103.04,101.0,0.365,Hornets,0.711,0.289,0.604,0.189,0.255,0.047,0.142,0.104,0.415,0.438,0.563,0.778,0.222,0.512,0.488,Hornets,11.0,15.0,5.0,44.0,17.0,7.0,31.0,56.0,5,8,14,21,Hornets,1,1,1,1,1,1,1,1,1,1,1,1,1,1,1,1,1,1,Hornets,0.469,0.186,0.117,0.241,0.661,0.161,0.145,0.27,Raptors,18.34,21,68,87,364,2,0,250,36,21,32,0.656,29,55,0.527,0.575,19,32,0.594,Raptors,69,49,20,0,0,0,8,10,127,2018-10-22,Scotiabank Arena
82,NYK @ MIL 2018-10-22,0021800042,1610612752,Knicks,NYK,New York,240:00,45,99,0.455,10,29,0.345,13,15,0.867,11,32,43,22,6,2,11,21,113,-11.0,Knicks,106.0,110.8,120.9,120.4,-14.9,-9.6,0.489,1.83,15.8,0.327,0.625,0.477,11.257,11.8,0.505,0.535,1.0,0.199,104.58,102.5,0.44,Knicks,0.707,0.293,0.619,0.177,0.265,0.062,0.115,0.168,0.442,0.429,0.571,0.7,0.3,0.489,0.511,Knicks,19.0,16.0,7.0,50.0,13.0,16.0,5.0,52.0,2,9,21,18,Knicks,1,1,1,1,1,1,1,1,1,1,1,1,1,1,1,1,1,1,Knicks,0.505,0.152,0.113,0.2,0.557,0.25,0.146,0.375,Knicks,17.44,19,32,51,409,1,0,291,22,21,41,0.512,21,46,0.457,0.455,15,27,0.556,Knicks,56,26,30,0,0,0,13,36,113,2018-10-22,Fiserv Forum
83,NYK @ MIL 2018-10-22,0021800042,1610612749,Bucks,MIL,Milwaukee,240:00,45,96,0.469,17,40,0.425,17,24,0.708,19,36,55,27,5,9,14,18,124,11.0,Bucks,120.9,120.4,106.0,110.8,14.9,9.6,0.6,1.8,18.2,0.375,0.673,0.523,14.626,14.6,0.557,0.582,1.0,0.196,104.58,102.5,0.56,Bucks,0.583,0.417,0.452,0.032,0.411,0.04,0.137,0.105,0.419,0.429,0.571,0.882,0.118,0.6,0.4,Bucks,13.0,16.0,5.0,52.0,19.0,16.0,7.0,50.0,9,2,18,21,Bucks,1,1,1,1,1,1,1,1,1,1,1,1,1,1,1,1,1,1,Bucks,0.557,0.25,0.146,0.339,0.505,0.152,0.113,0.327,Bucks,16.98,28,30,58,360,2,0,232,27,20,41,0.488,19,48,0.396,0.469,13,23,0.565,Bucks,76,49,27,0,1,0,6,30,124,2018-10-22,Fiserv Forum
84,IND @ MIN 2018-10-22,0021800043,1610612750,Timberwolves,MIN,Minnesota,240:00,36,85,0.424,7,33,0.212,22,24,0.917,8,39,47,24,9,12,15,17,101,10.0,Timberwolves,98.5,102.0,89.2,92.9,9.3,9.2,0.667,1.6,17.8,0.306,0.712,0.528,14.626,15.2,0.465,0.528,1.0,0.201,102.3,98.5,0.637,Timberwolves,0.612,0.388,0.574,0.099,0.208,0.257,0.218,0.129,0.475,0.655,0.345,0.714,0.286,0.667,0.333,Timberwolves,13.0,15.0,26.0,48.0,12.0,14.0,8.0,44.0,12,6,17,24,Timberwolves,1,1,1,1,1,1,1,1,1,1,1,1,1,1,1,1,1,1,Timberwolves,0.465,0.282,0.146,0.163,0.435,0.174,0.147,0.288,Pacers,17.79,30,36,66,434,3,0,309,18,12,35,0.343,22,54,0.407,0.391,18,26,0.692,Pacers,64,39,25,10,11,2,8,39,91,2018-10-22,Target Center
85,IND @ MIN 2018-10-22,0021800043,1610612754,Pacers,IND,Indiana,240:00,36,92,0.391,8,26,0.308,11,16,0.688,12,33,45,18,6,6,15,24,91,-10.0,Pacers,89.2,92.9,98.5,102.0,-9.3,-9.2,0.5,1.2,13.6,0.288,0.694,0.472,14.7,15.3,0.435,0.459,1.0,0.2,102.3,98.5,0.363,Pacers,0.717,0.283,0.615,0.132,0.264,0.088,0.121,0.132,0.484,0.429,0.571,0.75,0.25,0.5,0.5,Pacers,12.0,14.0,8.0,44.0,13.0,15.0,26.0,48.0,6,12,24,17,Pacers,1,1,1,1,1,1,1,1,1,1,1,1,1,1,1,1,1,1,Pacers,0.435,0.174,0.147,0.203,0.465,0.282,0.146,0.306,Timberwolves,17.11,17,38,54,376,3,0,257,24,15,35,0.429,20,50,0.4,0.424,10,27,0.37,Timberwolves,70,49,21,17,12,1,2,20,101,2018-10-22,Target Center
86,CHI @ DAL 2018-10-22,0021800044,1610612742,Mavericks,DAL,Dallas,240:00,40,93,0.43,15,47,0.319,20,21,0.952,13,28,41,25,8,2,15,16,115,6.0,Mavericks,109.3,116.2,107.7,110.1,1.6,6.1,0.625,1.56,17.5,0.377,0.767,0.552,15.203,16.2,0.511,0.562,1.0,0.196,103.24,99.0,0.577,Mavericks,0.495,0.505,0.435,0.035,0.391,0.104,0.174,0.235,0.4,0.52,0.48,0.8,0.2,0.625,0.375,Mavericks,27.0,17.0,12.0,46.0,18.0,12.0,11.0,38.0,2,4,16,29,Mavericks,1,1,1,1,1,1,1,1,1,1,1,1,1,1,1,1,1,1,Mavericks,0.511,0.226,0.152,0.245,0.594,0.263,0.188,0.233,Bulls,18.04,16,49,65,382,4,0,258,18,15,29,0.517,26,51,0.51,0.513,13,22,0.591,Bulls,65,29,36,9,1,0,7,7,109,2018-10-22,American Airlines Center
87,CHI @ DAL 2018-10-22,0021800044,1610612741,Bulls,CHI,Chicago,240:00,41,80,0.512,13,23,0.565,14,21,0.667,7,27,34,18,6,4,19,29,109,-6.0,Bulls,107.7,110.1,109.3,116.2,-1.6,-6.1,0.439,0.95,14.3,0.233,0.623,0.448,18.767,19.2,0.594,0.611,1.0,0.198,103.24,99.0,0.423,Bulls,0.713,0.288,0.514,0.165,0.358,0.101,0.128,0.165,0.349,0.357,0.643,0.615,0.385,0.439,0.561,Bulls,18.0,12.0,11.0,38.0,27.0,17.0,12.0,46.0,4,2,29,16,Bulls,1,1,1,1,1,1,1,1,1,1,1,1,1,1,1,1,1,1,Bulls,0.594,0.263,0.188,0.163,0.511,0.226,0.152,0.377,Mavericks,17.67,35,59,92,466,2,0,330,25,19,36,0.528,21,57,0.368,0.43,14,19,0.737,Mavericks,54,38,16,8,5,2,8,9,115,2018-10-22,American Airlines Center
88,MEM @ UTA 2018-10-22,0021800045,1610612762,Jazz,UTA,Utah,240:00,29,82,0.354,8,32,0.25,18,23,0.783,10,40,50,18,6,6,15,22,84,-8.0,Jazz,86.5,88.4,92.5,96.8,-6.0,-8.4,0.621,1.2,14.4,0.255,0.764,0.509,15.445,15.8,0.402,0.456,1.0,0.2,98.28,95.0,0.467,Jazz,0.61,0.39,0.5,0.048,0.286,0.131,0.214,0.119,0.452,0.524,0.476,0.875,0.125,0.621,0.379,Jazz,10.0,11.0,11.0,38.0,19.0,10.0,4.0,36.0,6,2,22,22,Jazz,1,1,1,1,1,1,1,1,1,1,1,1,1,1,1,1,1,1,Jazz,0.402,0.28,0.154,0.182,0.423,0.31,0.111,0.236,Grizzlies,17.67,21,47,67,450,4,0,331,18,16,33,0.485,15,57,0.263,0.369,13,27,0.481,Grizzlies,54,29,25,11,13,0,7,30,92,2018-10-22,Vivint Smart Home Arena
89,MEM @ UTA 2018-10-22,0021800045,1610612763,Grizzlies,MEM,Memphis,240:00,31,84,0.369,9,28,0.321,21,26,0.808,7,36,43,18,10,2,10,22,92,8.0,Grizzlies,92.5,96.8,86.5,88.4,6.0,8.4,0.581,1.64,14.5,0.236,0.745,0.491,11.062,11.6,0.423,0.482,1.0,0.197,98.28,95.0,0.533,Grizzlies,0.667,0.333,0.478,0.087,0.293,0.043,0.228,0.207,0.391,0.5,0.5,0.778,0.222,0.581,0.419,Grizzlies,19.0,10.0,4.0,36.0,10.0,11.0,11.0,38.0,2,6,22,22,Grizzlies,1,1,1,1,1,1,1,1,1,1,1,1,1,1,1,1,1,1,Grizzlies,0.423,0.31,0.111,0.127,0.402,0.28,0.154,0.255,Jazz,17.72,22,49,71,518,3,1,279,18,10,35,0.286,17,49,0.347,0.354,10,21,0.476,Jazz,70,45,25,15,3,1,7,24,84,2018-10-22,Vivint Smart Home Arena
90,WAS @ POR 2018-10-22,0021800046,1610612764,Wizards,WAS,Washington,265:00,46,110,0.418,15,37,0.405,18,26,0.692,12,42,54,23,6,7,10,27,125,1.0,Wizards,104.7,105.0,99.5,102.5,5.2,2.6,0.5,2.3,14.9,0.176,0.618,0.397,8.372,8.4,0.486,0.515,1.0,0.198,110.53,108.68,0.48,Wizards,0.664,0.336,0.496,0.08,0.36,0.096,0.144,0.144,0.416,0.29,0.71,0.933,0.067,0.5,0.5,Wizards,18.0,10.0,12.0,52.0,6.0,21.0,14.0,50.0,7,4,27,22,Wizards,1,1,1,1,1,1,1,1,1,1,1,1,1,1,1,1,1,1,Wizards,0.486,0.236,0.084,0.176,0.449,0.287,0.16,0.382,Wizards,20.01,30,41,70,398,3,0,258,23,23,43,0.535,23,67,0.343,0.418,17,34,0.5,Wizards,75,47,28,16,12,3,9,22,125,2018-10-22,Moda Center
91,WAS @ POR 2018-10-22,0021800046,1610612757,Trail Blazers,POR,Portland,265:00,43,108,0.398,11,39,0.282,27,31,0.871,17,53,70,22,6,4,19,22,124,-1.0,Trail Blazers,99.5,102.5,104.7,105.0,-5.2,-2.6,0.512,1.1,13.4,0.382,0.824,0.603,16.046,16.5,0.449,0.51,1.0,0.201,110.53,108.68,0.52,Trail Blazers,0.639,0.361,0.516,0.113,0.266,0.113,0.218,0.048,0.403,0.406,0.594,0.818,0.182,0.512,0.488,Trail Blazers,6.0,21.0,14.0,50.0,18.0,10.0,12.0,52.0,4,7,22,27,Trail Blazers,1,1,1,1,1,1,1,1,1,1,1,1,1,1,1,1,1,1,Trail Blazers,0.449,0.287,0.16,0.25,0.486,0.236,0.084,0.176,Trail Blazers,20.42,26,64,89,475,3,0,314,22,15,39,0.385,28,64,0.438,0.398,15,32,0.469,Trail Blazers,77,47,30,7,10,0,8,39,124,2018-10-22,Moda Center
92,PHX @ GSW 2018-10-22,0021800047,1610612756,Suns,PHX,Phoenix,240:00,39,86,0.453,9,34,0.265,16,18,0.889,12,33,45,24,8,1,21,21,103,-20.0,Suns,100.1,98.1,115.6,118.3,-15.5,-20.2,0.615,1.14,17.3,0.277,0.783,0.527,20.404,20.0,0.506,0.548,1.0,0.2,104.68,104.5,0.409,Suns,0.605,0.395,0.583,0.136,0.262,0.058,0.155,0.146,0.447,0.533,0.467,0.889,0.111,0.615,0.385,Suns,15.0,14.0,6.0,46.0,29.0,12.0,34.0,48.0,1,4,21,24,Suns,1,1,1,1,1,1,1,1,1,1,1,1,1,1,1,1,1,1,Suns,0.506,0.209,0.204,0.255,0.591,0.295,0.132,0.217,Suns,18.49,20,24,43,521,2,0,382,24,14,30,0.467,23,57,0.404,0.453,21,33,0.636,Suns,53,23,30,0,2,0,6,28,103,2018-10-22,ORACLE Arena
93,PHX @ GSW 2018-10-22,0021800047,1610612744,Warriors,GSW,Golden State,240:00,45,88,0.511,14,37,0.378,19,26,0.731,7,33,40,35,12,4,14,24,123,20.0,Warriors,115.6,118.3,100.1,98.1,15.5,20.2,0.778,2.5,23.6,0.217,0.723,0.473,13.153,13.5,0.591,0.618,1.0,0.199,104.68,104.5,0.591,Warriors,0.58,0.42,0.504,0.114,0.341,0.276,0.154,0.236,0.39,0.742,0.258,0.857,0.143,0.778,0.222,Warriors,29.0,12.0,34.0,48.0,15.0,14.0,6.0,46.0,4,1,24,21,Warriors,1,1,1,1,1,1,1,1,1,1,1,1,1,1,1,1,1,1,Warriors,0.591,0.295,0.132,0.152,0.506,0.209,0.204,0.277,Warriors,18.29,14,15,29,431,5,1,301,35,21,44,0.477,24,51,0.471,0.511,17,26,0.654,Warriors,62,34,28,5,2,0,11,36,123,2018-10-22,ORACLE Arena
94,SAS @ LAL 2018-10-22,0021800048,1610612759,Spurs,SAS,San Antonio,265:00,50,97,0.515,15,28,0.536,28,38,0.737,10,37,47,32,9,3,9,26,143,1.0,Spurs,126.9,125.4,117.9,125.7,9.0,-0.2,0.64,3.56,20.7,0.226,0.655,0.45,7.984,7.9,0.593,0.629,1.0,0.2,105.58,102.79,0.521,Spurs,0.711,0.289,0.49,0.14,0.315,0.049,0.196,0.126,0.35,0.514,0.486,0.933,0.067,0.64,0.36,Spurs,18.0,11.0,7.0,50.0,16.0,22.0,41.0,74.0,3,6,26,29,Spurs,1,1,1,1,1,1,1,1,1,1,1,1,1,1,1,1,1,1,Spurs,0.593,0.392,0.08,0.189,0.579,0.243,0.125,0.345,Spurs,20.0,26,61,80,442,4,0,304,32,17,36,0.472,33,61,0.541,0.515,23,32,0.719,Spurs,70,46,24,10,5,1,8,52,143,2018-10-22,Staples Center
95,SAS @ LAL 2018-10-22,0021800048,1610612747,Lakers,LAL,Los Angeles,265:00,55,107,0.514,14,39,0.359,18,26,0.692,13,39,52,33,5,6,15,29,142,-1.0,Lakers,117.9,125.7,126.9,125.4,-9.0,0.2,0.6,2.2,19.8,0.345,0.774,0.55,12.454,13.3,0.579,0.599,1.0,0.196,105.58,102.79,0.479,Lakers,0.636,0.364,0.577,0.056,0.296,0.289,0.127,0.113,0.521,0.537,0.463,0.786,0.214,0.6,0.4,Lakers,16.0,22.0,41.0,74.0,18.0,11.0,7.0,50.0,6,3,29,26,Lakers,1,1,1,1,1,1,1,1,1,1,1,1,1,1,1,1,1,1,Lakers,0.579,0.243,0.125,0.224,0.593,0.392,0.08,0.226,Lakers,19.92,28,52,76,425,2,0,285,33,29,46,0.63,26,61,0.426,0.514,13,23,0.565,Lakers,67,47,20,3,6,0,10,25,142,2018-10-22,Staples Center
96,PHI @ DET 2018-10-23,0021800049,1610612755,76ers,PHI,Philadelphia,265:00,49,98,0.5,14,43,0.326,20,28,0.714,8,40,48,32,3,8,11,24,132,-1.0,76ers,116.5,118.9,114.8,119.8,1.7,-0.9,0.653,2.91,20.9,0.255,0.661,0.478,9.707,9.9,0.571,0.598,1.0,0.198,103.79,100.53,0.542,76ers,0.561,0.439,0.53,0.182,0.318,0.083,0.152,0.061,0.348,0.514,0.486,1.0,0.0,0.653,0.347,76ers,8.0,23.0,11.0,46.0,12.0,20.0,11.0,64.0,8,4,24,24,76ers,1,1,1,1,1,1,1,1,1,1,1,1,1,1,1,1,1,1,76ers,0.571,0.286,0.097,0.157,0.528,0.25,0.069,0.339,76ers,20.84,25,82,104,537,3,2,398,32,14,28,0.5,35,70,0.5,0.5,24,38,0.632,76ers,77,51,26,13,7,0,21,30,132,2018-10-23,Little Caesars Arena
97,PHI @ DET 2018-10-23,0021800049,1610612765,Pistons,DET,Detroit,265:00,51,108,0.472,12,33,0.364,19,27,0.704,12,34,46,22,4,4,8,24,133,1.0,Pistons,114.8,119.8,116.5,118.9,-1.7,0.9,0.431,2.75,14.7,0.339,0.745,0.522,6.904,7.2,0.528,0.555,1.0,0.199,103.79,100.53,0.458,Pistons,0.694,0.306,0.586,0.105,0.271,0.083,0.143,0.09,0.481,0.359,0.641,0.667,0.333,0.431,0.569,Pistons,12.0,20.0,11.0,64.0,8.0,23.0,11.0,46.0,4,8,24,24,Pistons,1,1,1,1,1,1,1,1,1,1,1,1,1,1,1,1,1,1,Pistons,0.528,0.25,0.069,0.194,0.571,0.286,0.097,0.255,Pistons,20.11,39,60,97,445,3,0,304,22,29,54,0.537,22,54,0.407,0.472,19,26,0.731,Pistons,75,40,35,14,10,0,16,36,133,2018-10-23,Little Caesars Arena
98,LAC @ NOP 2018-10-23,0021800050,1610612740,Pelicans,NOP,New Orleans,240:00,40,93,0.43,6,24,0.25,30,40,0.75,12,36,48,22,12,8,8,24,116,7.0,Pelicans,108.8,110.5,102.0,104.8,6.8,5.7,0.55,2.75,15.6,0.293,0.74,0.5,7.505,7.6,0.462,0.524,1.0,0.201,106.74,104.5,0.55,Pelicans,0.742,0.258,0.586,0.034,0.155,0.138,0.259,0.155,0.552,0.471,0.529,1.0,0.0,0.55,0.45,Pelicans,18.0,15.0,16.0,64.0,11.0,8.0,16.0,60.0,8,4,24,26,Pelicans,1,1,1,1,1,1,1,1,1,1,1,1,1,1,1,1,1,1,Pelicans,0.462,0.43,0.075,0.207,0.5,0.31,0.159,0.26,Clippers,18.3,20,45,63,436,4,0,300,18,22,41,0.537,16,42,0.381,0.471,21,33,0.636,Clippers,69,50,19,17,7,0,13,25,109,2018-10-23,Smoothie King Center
99,LAC @ NOP 2018-10-23,0021800050,1610612746,Clippers,LAC,LA,240:00,41,87,0.471,5,20,0.25,22,27,0.815,9,38,47,18,5,4,16,26,109,-7.0,Clippers,102.0,104.8,108.8,110.5,-6.8,-5.7,0.439,1.06,13.4,0.26,0.707,0.5,15.906,16.3,0.5,0.551,1.0,0.198,106.74,104.5,0.45,Clippers,0.77,0.23,0.661,0.11,0.138,0.147,0.202,0.101,0.55,0.361,0.639,1.0,0.0,0.439,0.561,Clippers,11.0,8.0,16.0,60.0,18.0,15.0,16.0,64.0,4,8,26,24,Clippers,1,1,1,1,1,1,1,1,1,1,1,1,1,1,1,1,1,1,Clippers,0.5,0.31,0.159,0.18,0.462,0.43,0.075,0.293,Pelicans,17.89,17,23,40,406,4,0,280,22,23,47,0.489,12,43,0.279,0.43,20,29,0.69,Pelicans,67,54,13,19,13,0,8,38,116,2018-10-23,Smoothie King Center
100,SAC @ DEN 2018-10-23,0021800051,1610612758,Kings,SAC,Sacramento,240:00,45,86,0.523,13,31,0.419,9,20,0.45,9,30,39,29,7,6,16,17,112,-14.0,Kings,110.0,110.9,122.8,124.8,-12.8,-13.9,0.644,1.81,20.7,0.234,0.625,0.432,15.717,15.8,0.599,0.591,1.0,0.2,102.2,101.0,0.442,Kings,0.64,0.36,0.571,0.089,0.348,0.17,0.08,0.125,0.482,0.594,0.406,0.769,0.231,0.644,0.356,Kings,14.0,13.0,19.0,54.0,13.0,25.0,18.0,72.0,6,3,17,22,Kings,1,1,1,1,1,1,1,1,1,1,1,1,1,1,1,1,1,1,Kings,0.599,0.233,0.157,0.191,0.571,0.152,0.117,0.375,Kings,17.49,15,16,31,402,3,0,278,29,20,36,0.556,18,42,0.429,0.523,24,32,0.75,Kings,63,40,23,9,12,1,7,34,112,2018-10-23,Pepsi Center
101,SAC @ DEN 2018-10-23,0021800051,1610612743,Nuggets,DEN,Denver,240:00,51,99,0.515,11,30,0.367,13,15,0.867,15,34,49,31,11,3,12,22,126,14.0,Nuggets,122.8,124.8,110.0,110.9,12.8,13.9,0.608,2.58,20.9,0.375,0.766,0.568,11.696,11.9,0.571,0.597,1.0,0.199,102.2,101.0,0.558,Nuggets,0.697,0.303,0.635,0.063,0.262,0.143,0.103,0.103,0.571,0.55,0.45,0.818,0.182,0.608,0.392,Nuggets,13.0,25.0,18.0,72.0,14.0,13.0,19.0,54.0,3,6,22,17,Nuggets,1,1,1,1,1,1,1,1,1,1,1,1,1,1,1,1,1,1,Nuggets,0.571,0.152,0.117,0.313,0.599,0.233,0.157,0.234,Nuggets,17.67,26,40,65,429,8,0,304,31,22,40,0.55,23,51,0.451,0.515,14,22,0.636,Nuggets,67,39,28,14,10,0,8,35,126,2018-10-23,Pepsi Center
102,DAL @ ATL 2018-10-24,0021800052,1610612742,Mavericks,DAL,Dallas,240:00,38,91,0.418,12,40,0.3,16,26,0.615,9,43,52,25,7,9,17,27,104,-7.0,Mavericks,94.2,92.9,101.2,100.9,-7.1,-8.1,0.658,1.47,17.3,0.203,0.804,0.496,15.393,15.2,0.484,0.508,1.0,0.201,110.04,111.0,0.466,Mavericks,0.56,0.44,0.5,0.115,0.346,0.212,0.154,0.173,0.385,0.538,0.462,0.917,0.083,0.658,0.342,Mavericks,18.0,8.0,22.0,40.0,17.0,4.0,21.0,36.0,9,6,27,26,Mavericks,1,1,1,1,1,1,1,1,1,1,1,1,1,1,1,1,1,1,Mavericks,0.484,0.286,0.154,0.153,0.489,0.341,0.137,0.196,Mavericks,18.86,25,66,89,450,3,2,315,25,17,34,0.5,21,57,0.368,0.418,17,32,0.531,Mavericks,65,34,31,11,13,1,12,35,104,2018-10-24,State Farm Arena
103,DAL @ ATL 2018-10-24,0021800052,1610612737,Hawks,ATL,Atlanta,240:00,37,91,0.407,15,38,0.395,22,31,0.71,10,44,54,28,6,6,15,26,111,7.0,Hawks,101.2,100.9,94.2,92.9,7.1,8.1,0.757,1.87,19.0,0.196,0.797,0.504,13.681,13.6,0.489,0.53,1.0,0.202,110.04,111.0,0.534,Hawks,0.582,0.418,0.396,0.072,0.405,0.189,0.198,0.153,0.324,0.636,0.364,0.933,0.067,0.757,0.243,Hawks,17.0,4.0,21.0,36.0,18.0,8.0,22.0,40.0,6,9,26,27,Hawks,1,1,1,1,1,1,1,1,1,1,1,1,1,1,1,1,1,1,Hawks,0.489,0.341,0.137,0.179,0.484,0.286,0.154,0.203,Hawks,18.96,30,63,88,469,4,1,336,28,11,35,0.314,26,56,0.464,0.407,14,21,0.667,Hawks,58,27,31,10,12,1,10,21,111,2018-10-24,State Farm Arena
104,BKN @ CLE 2018-10-24,0021800053,1610612739,Cavaliers,CLE,Cleveland,240:00,34,89,0.382,3,18,0.167,15,16,0.938,16,37,53,18,5,2,15,19,86,-16.0,Cavaliers,90.5,87.8,102.4,105.2,-11.9,-17.4,0.529,1.2,13.9,0.309,0.765,0.528,15.783,15.3,0.399,0.448,1.0,0.2,97.32,97.5,0.415,Cavaliers,0.798,0.202,0.721,0.326,0.105,0.116,0.174,0.221,0.395,0.484,0.516,1.0,0.0,0.529,0.471,Cavaliers,19.0,14.0,10.0,34.0,14.0,13.0,2.0,46.0,2,1,19,16,Cavaliers,1,1,1,1,1,1,1,1,1,1,1,1,1,1,1,1,1,1,Cavaliers,0.399,0.18,0.158,0.291,0.517,0.172,0.141,0.235,Nets,16.69,11,30,41,407,2,0,289,23,14,33,0.424,23,49,0.469,0.437,8,17,0.471,Nets,59,48,11,14,11,0,13,35,102,2018-10-24,Quicken Loans Arena
105,BKN @ CLE 2018-10-24,0021800053,1610612751,Nets,BKN,Brooklyn,240:00,38,87,0.437,14,34,0.412,12,15,0.8,8,36,44,23,8,1,14,16,102,16.0,Nets,102.4,105.2,90.5,87.8,11.9,17.4,0.605,1.64,17.6,0.235,0.691,0.472,14.056,14.4,0.517,0.545,1.0,0.199,97.32,97.5,0.585,Nets,0.609,0.391,0.471,0.02,0.412,0.02,0.118,0.137,0.451,0.542,0.458,0.714,0.286,0.605,0.395,Nets,14.0,13.0,2.0,46.0,19.0,14.0,10.0,34.0,1,2,16,19,Nets,1,1,1,1,1,1,1,1,1,1,1,1,1,1,1,1,1,1,Nets,0.517,0.172,0.141,0.157,0.399,0.18,0.158,0.309,Cavaliers,16.48,27,21,48,346,2,0,230,18,13,32,0.406,14,48,0.292,0.382,16,26,0.615,Cavaliers,58,32,26,12,5,1,15,23,86,2018-10-24,Quicken Loans Arena
106,NYK @ MIA 2018-10-24,0021800054,1610612752,Knicks,NYK,New York,240:00,33,91,0.363,12,33,0.364,9,14,0.643,10,35,45,20,5,3,12,23,87,-23.0,Knicks,87.7,86.1,106.5,110.0,-18.7,-23.9,0.606,1.67,15.5,0.213,0.809,0.472,12.102,11.9,0.429,0.448,1.0,0.202,101.24,100.5,0.33,Knicks,0.637,0.363,0.483,0.092,0.414,0.126,0.103,0.08,0.391,0.429,0.571,0.917,0.083,0.606,0.394,Knicks,7.0,18.0,11.0,34.0,14.0,8.0,18.0,46.0,3,5,23,15,Knicks,1,1,1,1,1,1,1,1,1,1,1,1,1,1,1,1,1,1,Knicks,0.429,0.154,0.121,0.164,0.555,0.341,0.126,0.191,Knicks,18.79,27,56,78,421,4,1,299,20,17,45,0.378,16,46,0.348,0.363,16,22,0.727,Knicks,54,30,24,13,8,1,4,49,87,2018-10-24,AmericanAirlines Arena
107,NYK @ MIA 2018-10-24,0021800054,1610612748,Heat,MIA,Miami,240:00,39,82,0.476,13,29,0.448,19,28,0.679,4,47,51,24,7,5,13,15,110,23.0,Heat,106.5,110.0,87.7,86.1,18.7,23.9,0.615,1.85,18.3,0.191,0.787,0.528,12.582,13.0,0.555,0.583,1.0,0.199,101.24,100.5,0.67,Heat,0.646,0.354,0.473,0.055,0.355,0.164,0.173,0.127,0.418,0.5,0.5,0.846,0.154,0.615,0.385,Heat,14.0,8.0,18.0,46.0,7.0,18.0,11.0,34.0,5,3,15,23,Heat,1,1,1,1,1,1,1,1,1,1,1,1,1,1,1,1,1,1,Heat,0.555,0.341,0.126,0.085,0.429,0.154,0.121,0.213,Heat,18.06,16,69,83,395,5,3,281,24,20,38,0.526,19,44,0.432,0.476,14,25,0.56,Heat,75,46,29,12,8,0,7,34,110,2018-10-24,AmericanAirlines Arena
108,MIN @ TOR 2018-10-24,0021800055,1610612761,Raptors,TOR,Toronto,240:00,46,89,0.517,11,32,0.344,9,12,0.75,11,33,44,26,9,8,16,18,112,7.0,Raptors,111.7,113.1,101.9,105.0,9.8,8.1,0.565,1.53,18.9,0.289,0.621,0.476,16.953,17.2,0.579,0.594,1.0,0.198,101.66,99.5,0.565,Raptors,0.64,0.36,0.625,0.125,0.295,0.134,0.08,0.205,0.5,0.457,0.543,0.909,0.091,0.565,0.435,Raptors,23.0,17.0,15.0,56.0,15.0,17.0,10.0,38.0,8,5,18,17,Raptors,1,1,1,1,1,1,1,1,1,1,1,1,1,1,1,1,1,1,Raptors,0.579,0.135,0.17,0.244,0.495,0.167,0.155,0.379,Timberwolves,17.64,34,46,79,425,2,0,293,25,9,39,0.231,31,57,0.544,0.417,18,27,0.667,Timberwolves,77,48,29,10,9,1,3,15,105,2018-10-24,Scotiabank Arena
109,MIN @ TOR 2018-10-24,0021800055,1610612750,Timberwolves,MIN,Minnesota,240:00,40,96,0.417,15,30,0.5,10,16,0.625,16,28,44,25,10,5,15,17,105,-7.0,Timberwolves,101.9,105.0,111.7,113.1,-9.8,-8.1,0.625,1.56,17.4,0.379,0.711,0.524,15.528,16.0,0.495,0.51,1.0,0.198,101.66,99.5,0.435,Timberwolves,0.688,0.313,0.476,0.114,0.429,0.095,0.095,0.143,0.362,0.44,0.56,0.933,0.067,0.625,0.375,Timberwolves,15.0,17.0,10.0,38.0,23.0,17.0,15.0,56.0,5,8,17,18,Timberwolves,1,1,1,1,1,1,1,1,1,1,1,1,1,1,1,1,1,1,Timberwolves,0.495,0.167,0.155,0.276,0.579,0.135,0.17,0.289,Raptors,17.76,23,61,83,387,3,2,265,26,17,32,0.531,29,57,0.509,0.517,15,30,0.5,Raptors,77,49,28,7,14,0,7,34,112,2018-10-24,Scotiabank Arena
110,CHA @ CHI 2018-10-24,0021800056,1610612741,Bulls,CHI,Chicago,240:00,37,77,0.481,10,29,0.345,28,35,0.8,9,36,45,21,4,5,14,24,112,2.0,Bulls,115.0,117.9,112.5,115.8,2.5,2.1,0.568,1.5,16.5,0.31,0.74,0.543,14.374,14.7,0.545,0.606,1.0,0.199,97.58,95.0,0.504,Bulls,0.623,0.377,0.482,0.036,0.268,0.143,0.25,0.107,0.446,0.481,0.519,0.8,0.2,0.568,0.432,Bulls,12.0,10.0,16.0,50.0,17.0,10.0,4.0,40.0,5,5,24,20,Bulls,1,1,1,1,1,1,1,1,1,1,1,1,1,1,1,1,1,1,Bulls,0.545,0.455,0.144,0.214,0.494,0.341,0.082,0.26,Hornets,18.13,22,50,70,386,3,0,270,23,17,35,0.486,19,48,0.396,0.435,18,27,0.667,Hornets,52,32,20,15,8,1,9,24,110,2018-10-24,United Center
111,CHA @ CHI 2018-10-24,0021800056,1610612766,Hornets,CHA,Charlotte,240:00,37,85,0.435,10,35,0.286,26,29,0.897,8,28,36,23,5,5,6,20,110,-2.0,Hornets,112.5,115.8,115.0,117.9,-2.5,-2.1,0.622,2.88,17.9,0.26,0.69,0.457,8.183,8.4,0.494,0.563,1.0,0.195,97.58,95.0,0.496,Hornets,0.588,0.412,0.491,0.127,0.273,0.036,0.236,0.155,0.364,0.556,0.444,0.8,0.2,0.622,0.378,Hornets,17.0,10.0,4.0,40.0,12.0,10.0,16.0,50.0,5,5,20,24,Hornets,1,1,1,1,1,1,1,1,1,1,1,1,1,1,1,1,1,1,Hornets,0.494,0.341,0.082,0.16,0.545,0.455,0.144,0.31,Bulls,18.16,21,60,79,364,1,5,247,21,20,33,0.606,17,44,0.386,0.481,16,24,0.667,Bulls,57,32,25,5,9,1,4,21,112,2018-10-24,United Center
112,UTA @ HOU 2018-10-24,0021800057,1610612762,Jazz,UTA,Utah,240:00,34,78,0.436,10,29,0.345,22,28,0.786,9,38,47,21,7,5,18,21,100,11.0,Jazz,99.7,100.0,88.9,89.9,10.8,10.1,0.618,1.11,16.1,0.318,0.778,0.571,18.939,19.0,0.5,0.554,1.0,0.201,100.24,99.5,0.617,Jazz,0.628,0.372,0.48,0.0,0.3,0.13,0.22,0.13,0.48,0.583,0.417,0.7,0.3,0.618,0.382,Jazz,13.0,15.0,13.0,48.0,24.0,13.0,8.0,36.0,5,5,21,23,Jazz,1,1,1,1,1,1,1,1,1,1,1,1,1,1,1,1,1,1,Jazz,0.5,0.359,0.189,0.205,0.466,0.161,0.17,0.222,Jazz,18.12,27,59,85,384,2,0,264,21,19,31,0.613,15,47,0.319,0.436,12,21,0.571,Jazz,67,36,31,10,8,1,5,24,100,2018-10-24,Toyota Center
113,UTA @ HOU 2018-10-24,0021800057,1610612745,Rockets,HOU,Houston,240:00,35,87,0.402,11,40,0.275,8,14,0.571,10,25,35,16,12,5,15,23,89,-11.0,Rockets,88.9,89.9,99.7,100.0,-10.8,-10.1,0.457,0.94,12.7,0.222,0.682,0.429,16.973,17.2,0.466,0.478,1.0,0.196,100.24,99.5,0.383,Rockets,0.54,0.46,0.539,0.135,0.371,0.09,0.09,0.27,0.404,0.375,0.625,0.636,0.364,0.457,0.543,Rockets,24.0,13.0,8.0,36.0,13.0,15.0,13.0,48.0,5,5,23,21,Rockets,1,1,1,1,1,1,1,1,1,1,1,1,1,1,1,1,1,1,Rockets,0.466,0.161,0.17,0.185,0.5,0.359,0.189,0.318,Rockets,16.96,21,54,75,362,0,0,237,16,19,39,0.487,16,48,0.333,0.402,17,24,0.708,Rockets,57,34,23,18,6,0,5,21,89,2018-10-24,Toyota Center
114,IND @ SAS 2018-10-24,0021800058,1610612759,Spurs,SAS,San Antonio,240:00,35,87,0.402,6,19,0.316,20,21,0.952,15,31,46,16,3,3,13,16,96,-20.0,Spurs,101.9,103.2,121.4,124.7,-19.6,-21.5,0.457,1.23,12.8,0.321,0.81,0.537,13.795,14.0,0.437,0.499,1.0,0.198,94.88,93.0,0.369,Spurs,0.782,0.218,0.604,0.104,0.188,0.125,0.208,0.146,0.5,0.379,0.621,0.833,0.167,0.457,0.543,Spurs,14.0,10.0,12.0,48.0,23.0,10.0,17.0,46.0,3,5,16,22,Spurs,1,1,1,1,1,1,1,1,1,1,1,1,1,1,1,1,1,1,Spurs,0.437,0.241,0.138,0.283,0.626,0.092,0.105,0.19,Pacers,18.12,20,58,77,462,9,0,351,34,18,33,0.545,28,54,0.519,0.529,14,24,0.583,Pacers,66,49,17,15,12,0,6,32,116,2018-10-24,AT&T Center
115,IND @ SAS 2018-10-24,0021800058,1610612754,Pacers,IND,Indiana,240:00,46,87,0.529,17,32,0.531,7,8,0.875,5,35,40,34,9,5,10,22,116,20.0,Pacers,121.4,124.7,101.9,103.2,19.6,21.5,0.739,3.4,25.3,0.19,0.679,0.463,10.469,10.8,0.626,0.641,1.0,0.197,94.88,93.0,0.631,Pacers,0.632,0.368,0.5,0.103,0.44,0.147,0.06,0.198,0.397,0.621,0.379,0.941,0.059,0.739,0.261,Pacers,23.0,10.0,17.0,46.0,14.0,10.0,12.0,48.0,5,3,22,16,Pacers,1,1,1,1,1,1,1,1,1,1,1,1,1,1,1,1,1,1,Pacers,0.626,0.092,0.105,0.119,0.437,0.241,0.138,0.321,Spurs,18.18,31,56,87,402,1,2,284,16,19,41,0.463,16,45,0.356,0.402,18,27,0.667,Spurs,63,38,25,10,4,0,7,27,96,2018-10-24,AT&T Center
116,PHI @ MIL 2018-10-24,0021800059,1610612755,76ers,PHI,Philadelphia,240:00,38,92,0.413,11,34,0.324,21,30,0.7,8,42,50,29,4,5,16,27,108,-15.0,76ers,95.4,98.2,106.8,112.8,-11.4,-14.7,0.763,1.81,19.3,0.233,0.767,0.5,14.134,14.5,0.473,0.513,1.0,0.2,114.2,109.5,0.439,76ers,0.63,0.37,0.5,0.111,0.306,0.093,0.194,0.083,0.389,0.667,0.333,1.0,0.0,0.763,0.237,76ers,9.0,14.0,10.0,42.0,18.0,18.0,25.0,52.0,5,10,27,27,76ers,1,1,1,1,1,1,1,1,1,1,1,1,1,1,1,1,1,1,76ers,0.473,0.326,0.141,0.133,0.475,0.3,0.095,0.233,76ers,19.49,35,71,105,488,3,2,352,29,18,39,0.462,20,53,0.377,0.413,18,24,0.75,76ers,67,42,25,7,9,0,10,30,108,2018-10-24,Fiserv Forum
117,PHI @ MIL 2018-10-24,0021800059,1610612749,Bucks,MIL,Milwaukee,240:00,41,100,0.41,13,43,0.302,28,30,0.933,9,42,51,24,7,10,11,27,123,15.0,Bucks,106.8,112.8,95.4,98.2,11.4,14.7,0.585,2.18,16.2,0.233,0.767,0.5,9.549,10.1,0.475,0.543,1.0,0.196,114.2,109.5,0.561,Bucks,0.57,0.43,0.455,0.033,0.317,0.203,0.228,0.146,0.423,0.5,0.5,0.769,0.231,0.585,0.415,Bucks,18.0,18.0,25.0,52.0,9.0,14.0,10.0,42.0,10,5,27,27,Bucks,1,1,1,1,1,1,1,1,1,1,1,1,1,1,1,1,1,1,Bucks,0.475,0.3,0.095,0.15,0.473,0.326,0.141,0.233,Bucks,18.59,33,71,98,400,2,0,270,24,20,40,0.5,21,60,0.35,0.41,15,25,0.6,Bucks,74,49,25,10,9,2,10,31,123,2018-10-24,Fiserv Forum
118,LAL @ PHX 2018-10-24,0021800060,1610612756,Suns,PHX,Phoenix,240:00,44,84,0.524,10,31,0.323,15,21,0.714,9,35,44,27,4,4,19,23,113,-18.0,Suns,108.4,109.7,122.3,126.0,-13.9,-16.3,0.614,1.35,19.3,0.238,0.673,0.479,19.186,19.4,0.583,0.606,1.0,0.196,105.68,103.5,0.413,Suns,0.631,0.369,0.602,0.053,0.265,0.15,0.133,0.097,0.549,0.559,0.441,0.8,0.2,0.614,0.386,Suns,11.0,9.0,17.0,62.0,28.0,20.0,27.0,68.0,4,5,23,19,Suns,1,1,1,1,1,1,1,1,1,1,1,1,1,1,1,1,1,1,Suns,0.583,0.25,0.192,0.214,0.57,0.23,0.075,0.327,Lakers,17.87,24,50,71,383,1,4,254,34,15,32,0.469,37,68,0.544,0.52,27,37,0.73,Lakers,61,37,24,11,13,1,11,33,131,2018-10-24,Talking Stick Resort Arena
119,LAL @ PHX 2018-10-24,0021800060,1610612747,Lakers,LAL,Los Angeles,240:00,52,100,0.52,10,28,0.357,17,23,0.739,11,32,43,34,13,5,8,19,131,18.0,Lakers,122.3,126.0,108.4,109.7,13.9,16.3,0.654,4.25,22.4,0.327,0.762,0.521,7.468,7.7,0.57,0.595,1.0,0.2,105.68,103.5,0.587,Lakers,0.72,0.28,0.641,0.122,0.229,0.206,0.13,0.214,0.519,0.619,0.381,0.8,0.2,0.654,0.346,Lakers,28.0,20.0,27.0,68.0,11.0,9.0,17.0,62.0,5,4,19,23,Lakers,1,1,1,1,1,1,1,1,1,1,1,1,1,1,1,1,1,1,Lakers,0.57,0.23,0.075,0.212,0.583,0.25,0.192,0.238,Suns,17.79,23,52,72,474,2,1,353,27,23,42,0.548,21,42,0.5,0.524,29,38,0.763,Suns,58,37,21,6,6,1,5,20,113,2018-10-24,Talking Stick Resort Arena
120,MEM @ SAC 2018-10-24,0021800061,1610612758,Kings,SAC,Sacramento,240:00,35,83,0.422,6,18,0.333,21,33,0.636,15,42,57,19,7,5,14,15,97,5.0,Kings,97.5,95.1,90.4,90.2,7.0,4.9,0.543,1.12,14.2,0.291,0.767,0.539,17.082,16.7,0.458,0.497,1.0,0.197,100.62,102.0,0.574,Kings,0.783,0.217,0.598,0.041,0.186,0.206,0.216,0.186,0.557,0.448,0.552,1.0,0.0,0.543,0.457,Kings,18.0,15.0,20.0,54.0,21.0,11.0,7.0,44.0,5,6,15,25,Kings,1,1,1,1,1,1,1,1,1,1,1,1,1,1,1,1,1,1,Kings,0.458,0.398,0.171,0.273,0.436,0.138,0.147,0.233,Grizzlies,18.27,34,61,89,452,2,1,324,18,20,46,0.435,16,48,0.333,0.383,18,33,0.545,Grizzlies,51,40,11,12,8,0,8,11,92,2018-10-24,Golden 1 Center
121,MEM @ SAC 2018-10-24,0021800061,1610612763,Grizzlies,MEM,Memphis,240:00,36,94,0.383,10,37,0.27,10,13,0.769,13,36,49,18,7,6,15,25,92,-5.0,Grizzlies,90.4,90.2,97.5,95.1,-7.0,-4.9,0.5,1.2,13.6,0.233,0.709,0.461,14.746,14.7,0.436,0.461,1.0,0.2,100.62,102.0,0.426,Grizzlies,0.606,0.394,0.565,0.087,0.326,0.076,0.109,0.228,0.478,0.308,0.692,1.0,0.0,0.5,0.5,Grizzlies,21.0,11.0,7.0,44.0,18.0,15.0,20.0,54.0,6,5,25,15,Grizzlies,1,1,1,1,1,1,1,1,1,1,1,1,1,1,1,1,1,1,Grizzlies,0.436,0.138,0.147,0.217,0.458,0.398,0.171,0.291,Kings,18.34,31,67,95,411,0,2,285,19,19,43,0.442,16,40,0.4,0.422,14,23,0.609,Kings,62,38,24,13,8,0,3,7,97,2018-10-24,Golden 1 Center
122,WAS @ GSW 2018-10-24,0021800062,1610612764,Wizards,WAS,Washington,240:00,42,93,0.452,12,42,0.286,26,28,0.929,7,27,34,22,7,1,12,24,122,-22.0,Wizards,110.6,109.9,129.7,129.7,-19.1,-19.8,0.524,1.83,15.8,0.192,0.7,0.413,10.877,10.8,0.516,0.579,1.0,0.203,110.66,111.0,0.38,Wizards,0.548,0.452,0.492,0.148,0.295,0.221,0.213,0.148,0.344,0.4,0.6,0.833,0.167,0.524,0.476,Wizards,18.0,8.0,27.0,42.0,19.0,17.0,45.0,52.0,1,5,24,22,Wizards,1,1,1,1,1,1,1,1,1,1,1,1,1,1,1,1,1,1,Wizards,0.516,0.301,0.109,0.135,0.658,0.272,0.162,0.3,Wizards,18.34,20,43,62,431,3,1,300,22,18,36,0.5,24,57,0.421,0.452,20,27,0.741,Wizards,60,35,25,12,4,0,2,20,122,2018-10-24,ORACLE Arena
123,WAS @ GSW 2018-10-24,0021800062,1610612744,Warriors,GSW,Golden State,240:00,53,92,0.576,15,33,0.455,23,25,0.92,10,38,48,37,6,5,15,22,144,22.0,Warriors,129.7,129.7,110.6,109.9,19.1,19.8,0.698,2.06,23.4,0.3,0.808,0.587,16.216,16.2,0.658,0.699,1.0,0.195,110.66,111.0,0.62,Warriors,0.641,0.359,0.528,0.167,0.313,0.313,0.16,0.132,0.361,0.737,0.263,0.6,0.4,0.698,0.302,Warriors,19.0,17.0,45.0,52.0,18.0,8.0,27.0,42.0,5,1,22,24,Warriors,1,1,1,1,1,1,1,1,1,1,1,1,1,1,1,1,1,1,Warriors,0.658,0.272,0.162,0.25,0.516,0.301,0.109,0.192,Warriors,18.33,14,60,73,477,3,1,341,37,17,32,0.531,36,59,0.61,0.576,12,19,0.632,Warriors,82,43,39,12,2,1,3,18,144,2018-10-24,ORACLE Arena
